"","YEAR","site_web_trans","site","web","transect","yrID","siteID"
"1",1992,"BOER_1_108","BOER","1","108",1,1
"2",1992,"BOER_1_12","BOER","1","12",1,2
"3",1992,"BOER_1_132","BOER","1","132",1,3
"4",1992,"BOER_1_36","BOER","1","36",1,4
"5",1992,"BOER_1_60","BOER","1","60",1,5
"6",1992,"BOER_1_84","BOER","1","84",1,6
"7",1992,"BOER_2_108","BOER","2","108",1,7
"8",1992,"BOER_2_12","BOER","2","12",1,8
"9",1992,"BOER_2_132","BOER","2","132",1,9
"10",1992,"BOER_2_36","BOER","2","36",1,10
"11",1992,"BOER_2_60","BOER","2","60",1,11
"12",1992,"BOER_2_84","BOER","2","84",1,12
"13",1992,"BOER_3_108","BOER","3","108",1,13
"14",1992,"BOER_3_12","BOER","3","12",1,14
"15",1992,"BOER_3_132","BOER","3","132",1,15
"16",1992,"BOER_3_36","BOER","3","36",1,16
"17",1992,"BOER_3_60","BOER","3","60",1,17
"18",1992,"BOER_3_84","BOER","3","84",1,18
"19",1992,"BOER_4_108","BOER","4","108",1,19
"20",1992,"BOER_4_12","BOER","4","12",1,20
"21",1992,"BOER_4_132","BOER","4","132",1,21
"22",1992,"BOER_4_36","BOER","4","36",1,22
"23",1992,"BOER_4_60","BOER","4","60",1,23
"24",1992,"BOER_4_84","BOER","4","84",1,24
"25",1992,"BOER_5_108","BOER","5","108",1,25
"26",1992,"BOER_5_12","BOER","5","12",1,26
"27",1992,"BOER_5_132","BOER","5","132",1,27
"28",1992,"BOER_5_36","BOER","5","36",1,28
"29",1992,"BOER_5_60","BOER","5","60",1,29
"30",1992,"BOER_5_84","BOER","5","84",1,30
"31",1992,"LATR_1_108","LATR","1","108",1,31
"32",1992,"LATR_1_12","LATR","1","12",1,32
"33",1992,"LATR_1_132","LATR","1","132",1,33
"34",1992,"LATR_1_36","LATR","1","36",1,34
"35",1992,"LATR_1_60","LATR","1","60",1,35
"36",1992,"LATR_1_84","LATR","1","84",1,36
"37",1992,"LATR_2_108","LATR","2","108",1,37
"38",1992,"LATR_2_12","LATR","2","12",1,38
"39",1992,"LATR_2_132","LATR","2","132",1,39
"40",1992,"LATR_2_36","LATR","2","36",1,40
"41",1992,"LATR_2_60","LATR","2","60",1,41
"42",1992,"LATR_2_84","LATR","2","84",1,42
"43",1992,"LATR_3_108","LATR","3","108",1,43
"44",1992,"LATR_3_12","LATR","3","12",1,44
"45",1992,"LATR_3_132","LATR","3","132",1,45
"46",1992,"LATR_3_36","LATR","3","36",1,46
"47",1992,"LATR_3_60","LATR","3","60",1,47
"48",1992,"LATR_3_84","LATR","3","84",1,48
"49",1992,"LATR_4_108","LATR","4","108",1,49
"50",1992,"LATR_4_12","LATR","4","12",1,50
"51",1992,"LATR_4_132","LATR","4","132",1,51
"52",1992,"LATR_4_36","LATR","4","36",1,52
"53",1992,"LATR_4_60","LATR","4","60",1,53
"54",1992,"LATR_4_84","LATR","4","84",1,54
"55",1992,"LATR_5_108","LATR","5","108",1,55
"56",1992,"LATR_5_12","LATR","5","12",1,56
"57",1992,"LATR_5_132","LATR","5","132",1,57
"58",1992,"LATR_5_36","LATR","5","36",1,58
"59",1992,"LATR_5_60","LATR","5","60",1,59
"60",1992,"LATR_5_84","LATR","5","84",1,60
"61",1993,"BOER_1_108","BOER","1","108",2,1
"62",1993,"BOER_1_12","BOER","1","12",2,2
"63",1993,"BOER_1_132","BOER","1","132",2,3
"64",1993,"BOER_1_36","BOER","1","36",2,4
"65",1993,"BOER_1_60","BOER","1","60",2,5
"66",1993,"BOER_1_84","BOER","1","84",2,6
"67",1993,"BOER_2_108","BOER","2","108",2,7
"68",1993,"BOER_2_12","BOER","2","12",2,8
"69",1993,"BOER_2_132","BOER","2","132",2,9
"70",1993,"BOER_2_36","BOER","2","36",2,10
"71",1993,"BOER_2_60","BOER","2","60",2,11
"72",1993,"BOER_2_84","BOER","2","84",2,12
"73",1993,"BOER_3_108","BOER","3","108",2,13
"74",1993,"BOER_3_12","BOER","3","12",2,14
"75",1993,"BOER_3_132","BOER","3","132",2,15
"76",1993,"BOER_3_36","BOER","3","36",2,16
"77",1993,"BOER_3_60","BOER","3","60",2,17
"78",1993,"BOER_3_84","BOER","3","84",2,18
"79",1993,"BOER_4_108","BOER","4","108",2,19
"80",1993,"BOER_4_12","BOER","4","12",2,20
"81",1993,"BOER_4_132","BOER","4","132",2,21
"82",1993,"BOER_4_36","BOER","4","36",2,22
"83",1993,"BOER_4_60","BOER","4","60",2,23
"84",1993,"BOER_4_84","BOER","4","84",2,24
"85",1993,"BOER_5_108","BOER","5","108",2,25
"86",1993,"BOER_5_12","BOER","5","12",2,26
"87",1993,"BOER_5_132","BOER","5","132",2,27
"88",1993,"BOER_5_36","BOER","5","36",2,28
"89",1993,"BOER_5_60","BOER","5","60",2,29
"90",1993,"BOER_5_84","BOER","5","84",2,30
"91",1993,"LATR_1_108","LATR","1","108",2,31
"92",1993,"LATR_1_12","LATR","1","12",2,32
"93",1993,"LATR_1_132","LATR","1","132",2,33
"94",1993,"LATR_1_36","LATR","1","36",2,34
"95",1993,"LATR_1_60","LATR","1","60",2,35
"96",1993,"LATR_1_84","LATR","1","84",2,36
"97",1993,"LATR_2_108","LATR","2","108",2,37
"98",1993,"LATR_2_12","LATR","2","12",2,38
"99",1993,"LATR_2_132","LATR","2","132",2,39
"100",1993,"LATR_2_36","LATR","2","36",2,40
"101",1993,"LATR_2_60","LATR","2","60",2,41
"102",1993,"LATR_2_84","LATR","2","84",2,42
"103",1993,"LATR_3_108","LATR","3","108",2,43
"104",1993,"LATR_3_12","LATR","3","12",2,44
"105",1993,"LATR_3_132","LATR","3","132",2,45
"106",1993,"LATR_3_36","LATR","3","36",2,46
"107",1993,"LATR_3_60","LATR","3","60",2,47
"108",1993,"LATR_3_84","LATR","3","84",2,48
"109",1993,"LATR_4_108","LATR","4","108",2,49
"110",1993,"LATR_4_12","LATR","4","12",2,50
"111",1993,"LATR_4_132","LATR","4","132",2,51
"112",1993,"LATR_4_36","LATR","4","36",2,52
"113",1993,"LATR_4_60","LATR","4","60",2,53
"114",1993,"LATR_4_84","LATR","4","84",2,54
"115",1993,"LATR_5_108","LATR","5","108",2,55
"116",1993,"LATR_5_12","LATR","5","12",2,56
"117",1993,"LATR_5_132","LATR","5","132",2,57
"118",1993,"LATR_5_36","LATR","5","36",2,58
"119",1993,"LATR_5_60","LATR","5","60",2,59
"120",1993,"LATR_5_84","LATR","5","84",2,60
"121",1994,"BOER_1_108","BOER","1","108",3,1
"122",1994,"BOER_1_12","BOER","1","12",3,2
"123",1994,"BOER_1_132","BOER","1","132",3,3
"124",1994,"BOER_1_36","BOER","1","36",3,4
"125",1994,"BOER_1_60","BOER","1","60",3,5
"126",1994,"BOER_1_84","BOER","1","84",3,6
"127",1994,"BOER_2_108","BOER","2","108",3,7
"128",1994,"BOER_2_12","BOER","2","12",3,8
"129",1994,"BOER_2_132","BOER","2","132",3,9
"130",1994,"BOER_2_36","BOER","2","36",3,10
"131",1994,"BOER_2_60","BOER","2","60",3,11
"132",1994,"BOER_2_84","BOER","2","84",3,12
"133",1994,"BOER_3_108","BOER","3","108",3,13
"134",1994,"BOER_3_12","BOER","3","12",3,14
"135",1994,"BOER_3_132","BOER","3","132",3,15
"136",1994,"BOER_3_36","BOER","3","36",3,16
"137",1994,"BOER_3_60","BOER","3","60",3,17
"138",1994,"BOER_3_84","BOER","3","84",3,18
"139",1994,"BOER_4_108","BOER","4","108",3,19
"140",1994,"BOER_4_12","BOER","4","12",3,20
"141",1994,"BOER_4_132","BOER","4","132",3,21
"142",1994,"BOER_4_36","BOER","4","36",3,22
"143",1994,"BOER_4_60","BOER","4","60",3,23
"144",1994,"BOER_4_84","BOER","4","84",3,24
"145",1994,"BOER_5_108","BOER","5","108",3,25
"146",1994,"BOER_5_12","BOER","5","12",3,26
"147",1994,"BOER_5_132","BOER","5","132",3,27
"148",1994,"BOER_5_36","BOER","5","36",3,28
"149",1994,"BOER_5_60","BOER","5","60",3,29
"150",1994,"BOER_5_84","BOER","5","84",3,30
"151",1994,"LATR_1_108","LATR","1","108",3,31
"152",1994,"LATR_1_12","LATR","1","12",3,32
"153",1994,"LATR_1_132","LATR","1","132",3,33
"154",1994,"LATR_1_36","LATR","1","36",3,34
"155",1994,"LATR_1_60","LATR","1","60",3,35
"156",1994,"LATR_1_84","LATR","1","84",3,36
"157",1994,"LATR_2_108","LATR","2","108",3,37
"158",1994,"LATR_2_12","LATR","2","12",3,38
"159",1994,"LATR_2_132","LATR","2","132",3,39
"160",1994,"LATR_2_36","LATR","2","36",3,40
"161",1994,"LATR_2_60","LATR","2","60",3,41
"162",1994,"LATR_2_84","LATR","2","84",3,42
"163",1994,"LATR_3_108","LATR","3","108",3,43
"164",1994,"LATR_3_12","LATR","3","12",3,44
"165",1994,"LATR_3_132","LATR","3","132",3,45
"166",1994,"LATR_3_36","LATR","3","36",3,46
"167",1994,"LATR_3_60","LATR","3","60",3,47
"168",1994,"LATR_3_84","LATR","3","84",3,48
"169",1994,"LATR_4_108","LATR","4","108",3,49
"170",1994,"LATR_4_12","LATR","4","12",3,50
"171",1994,"LATR_4_132","LATR","4","132",3,51
"172",1994,"LATR_4_36","LATR","4","36",3,52
"173",1994,"LATR_4_60","LATR","4","60",3,53
"174",1994,"LATR_4_84","LATR","4","84",3,54
"175",1994,"LATR_5_108","LATR","5","108",3,55
"176",1994,"LATR_5_12","LATR","5","12",3,56
"177",1994,"LATR_5_132","LATR","5","132",3,57
"178",1994,"LATR_5_36","LATR","5","36",3,58
"179",1994,"LATR_5_60","LATR","5","60",3,59
"180",1994,"LATR_5_84","LATR","5","84",3,60
"181",1995,"BOER_1_108","BOER","1","108",4,1
"182",1995,"BOER_1_12","BOER","1","12",4,2
"183",1995,"BOER_1_132","BOER","1","132",4,3
"184",1995,"BOER_1_36","BOER","1","36",4,4
"185",1995,"BOER_1_60","BOER","1","60",4,5
"186",1995,"BOER_1_84","BOER","1","84",4,6
"187",1995,"BOER_2_108","BOER","2","108",4,7
"188",1995,"BOER_2_12","BOER","2","12",4,8
"189",1995,"BOER_2_132","BOER","2","132",4,9
"190",1995,"BOER_2_36","BOER","2","36",4,10
"191",1995,"BOER_2_60","BOER","2","60",4,11
"192",1995,"BOER_2_84","BOER","2","84",4,12
"193",1995,"BOER_3_108","BOER","3","108",4,13
"194",1995,"BOER_3_12","BOER","3","12",4,14
"195",1995,"BOER_3_132","BOER","3","132",4,15
"196",1995,"BOER_3_36","BOER","3","36",4,16
"197",1995,"BOER_3_60","BOER","3","60",4,17
"198",1995,"BOER_3_84","BOER","3","84",4,18
"199",1995,"BOER_4_108","BOER","4","108",4,19
"200",1995,"BOER_4_12","BOER","4","12",4,20
"201",1995,"BOER_4_132","BOER","4","132",4,21
"202",1995,"BOER_4_36","BOER","4","36",4,22
"203",1995,"BOER_4_60","BOER","4","60",4,23
"204",1995,"BOER_4_84","BOER","4","84",4,24
"205",1995,"BOER_5_108","BOER","5","108",4,25
"206",1995,"BOER_5_12","BOER","5","12",4,26
"207",1995,"BOER_5_132","BOER","5","132",4,27
"208",1995,"BOER_5_36","BOER","5","36",4,28
"209",1995,"BOER_5_60","BOER","5","60",4,29
"210",1995,"BOER_5_84","BOER","5","84",4,30
"211",1995,"LATR_1_108","LATR","1","108",4,31
"212",1995,"LATR_1_12","LATR","1","12",4,32
"213",1995,"LATR_1_132","LATR","1","132",4,33
"214",1995,"LATR_1_36","LATR","1","36",4,34
"215",1995,"LATR_1_60","LATR","1","60",4,35
"216",1995,"LATR_1_84","LATR","1","84",4,36
"217",1995,"LATR_2_108","LATR","2","108",4,37
"218",1995,"LATR_2_12","LATR","2","12",4,38
"219",1995,"LATR_2_132","LATR","2","132",4,39
"220",1995,"LATR_2_36","LATR","2","36",4,40
"221",1995,"LATR_2_60","LATR","2","60",4,41
"222",1995,"LATR_2_84","LATR","2","84",4,42
"223",1995,"LATR_3_108","LATR","3","108",4,43
"224",1995,"LATR_3_12","LATR","3","12",4,44
"225",1995,"LATR_3_132","LATR","3","132",4,45
"226",1995,"LATR_3_36","LATR","3","36",4,46
"227",1995,"LATR_3_60","LATR","3","60",4,47
"228",1995,"LATR_3_84","LATR","3","84",4,48
"229",1995,"LATR_4_108","LATR","4","108",4,49
"230",1995,"LATR_4_12","LATR","4","12",4,50
"231",1995,"LATR_4_132","LATR","4","132",4,51
"232",1995,"LATR_4_36","LATR","4","36",4,52
"233",1995,"LATR_4_60","LATR","4","60",4,53
"234",1995,"LATR_4_84","LATR","4","84",4,54
"235",1995,"LATR_5_108","LATR","5","108",4,55
"236",1995,"LATR_5_12","LATR","5","12",4,56
"237",1995,"LATR_5_132","LATR","5","132",4,57
"238",1995,"LATR_5_36","LATR","5","36",4,58
"239",1995,"LATR_5_60","LATR","5","60",4,59
"240",1995,"LATR_5_84","LATR","5","84",4,60
"241",1996,"BOER_1_108","BOER","1","108",5,1
"242",1996,"BOER_1_12","BOER","1","12",5,2
"243",1996,"BOER_1_132","BOER","1","132",5,3
"244",1996,"BOER_1_36","BOER","1","36",5,4
"245",1996,"BOER_1_60","BOER","1","60",5,5
"246",1996,"BOER_1_84","BOER","1","84",5,6
"247",1996,"BOER_2_108","BOER","2","108",5,7
"248",1996,"BOER_2_12","BOER","2","12",5,8
"249",1996,"BOER_2_132","BOER","2","132",5,9
"250",1996,"BOER_2_36","BOER","2","36",5,10
"251",1996,"BOER_2_60","BOER","2","60",5,11
"252",1996,"BOER_2_84","BOER","2","84",5,12
"253",1996,"BOER_3_108","BOER","3","108",5,13
"254",1996,"BOER_3_12","BOER","3","12",5,14
"255",1996,"BOER_3_132","BOER","3","132",5,15
"256",1996,"BOER_3_36","BOER","3","36",5,16
"257",1996,"BOER_3_60","BOER","3","60",5,17
"258",1996,"BOER_3_84","BOER","3","84",5,18
"259",1996,"BOER_4_108","BOER","4","108",5,19
"260",1996,"BOER_4_12","BOER","4","12",5,20
"261",1996,"BOER_4_132","BOER","4","132",5,21
"262",1996,"BOER_4_36","BOER","4","36",5,22
"263",1996,"BOER_4_60","BOER","4","60",5,23
"264",1996,"BOER_4_84","BOER","4","84",5,24
"265",1996,"BOER_5_108","BOER","5","108",5,25
"266",1996,"BOER_5_12","BOER","5","12",5,26
"267",1996,"BOER_5_132","BOER","5","132",5,27
"268",1996,"BOER_5_36","BOER","5","36",5,28
"269",1996,"BOER_5_60","BOER","5","60",5,29
"270",1996,"BOER_5_84","BOER","5","84",5,30
"271",1996,"LATR_1_108","LATR","1","108",5,31
"272",1996,"LATR_1_12","LATR","1","12",5,32
"273",1996,"LATR_1_132","LATR","1","132",5,33
"274",1996,"LATR_1_36","LATR","1","36",5,34
"275",1996,"LATR_1_60","LATR","1","60",5,35
"276",1996,"LATR_1_84","LATR","1","84",5,36
"277",1996,"LATR_2_108","LATR","2","108",5,37
"278",1996,"LATR_2_12","LATR","2","12",5,38
"279",1996,"LATR_2_132","LATR","2","132",5,39
"280",1996,"LATR_2_36","LATR","2","36",5,40
"281",1996,"LATR_2_60","LATR","2","60",5,41
"282",1996,"LATR_2_84","LATR","2","84",5,42
"283",1996,"LATR_3_108","LATR","3","108",5,43
"284",1996,"LATR_3_12","LATR","3","12",5,44
"285",1996,"LATR_3_132","LATR","3","132",5,45
"286",1996,"LATR_3_36","LATR","3","36",5,46
"287",1996,"LATR_3_60","LATR","3","60",5,47
"288",1996,"LATR_3_84","LATR","3","84",5,48
"289",1996,"LATR_4_108","LATR","4","108",5,49
"290",1996,"LATR_4_12","LATR","4","12",5,50
"291",1996,"LATR_4_132","LATR","4","132",5,51
"292",1996,"LATR_4_36","LATR","4","36",5,52
"293",1996,"LATR_4_60","LATR","4","60",5,53
"294",1996,"LATR_4_84","LATR","4","84",5,54
"295",1996,"LATR_5_108","LATR","5","108",5,55
"296",1996,"LATR_5_12","LATR","5","12",5,56
"297",1996,"LATR_5_132","LATR","5","132",5,57
"298",1996,"LATR_5_36","LATR","5","36",5,58
"299",1996,"LATR_5_60","LATR","5","60",5,59
"300",1996,"LATR_5_84","LATR","5","84",5,60
"301",1997,"BOER_1_108","BOER","1","108",6,1
"302",1997,"BOER_1_12","BOER","1","12",6,2
"303",1997,"BOER_1_132","BOER","1","132",6,3
"304",1997,"BOER_1_36","BOER","1","36",6,4
"305",1997,"BOER_1_60","BOER","1","60",6,5
"306",1997,"BOER_1_84","BOER","1","84",6,6
"307",1997,"BOER_2_108","BOER","2","108",6,7
"308",1997,"BOER_2_12","BOER","2","12",6,8
"309",1997,"BOER_2_132","BOER","2","132",6,9
"310",1997,"BOER_2_36","BOER","2","36",6,10
"311",1997,"BOER_2_60","BOER","2","60",6,11
"312",1997,"BOER_2_84","BOER","2","84",6,12
"313",1997,"BOER_3_108","BOER","3","108",6,13
"314",1997,"BOER_3_12","BOER","3","12",6,14
"315",1997,"BOER_3_132","BOER","3","132",6,15
"316",1997,"BOER_3_36","BOER","3","36",6,16
"317",1997,"BOER_3_60","BOER","3","60",6,17
"318",1997,"BOER_3_84","BOER","3","84",6,18
"319",1997,"BOER_4_108","BOER","4","108",6,19
"320",1997,"BOER_4_12","BOER","4","12",6,20
"321",1997,"BOER_4_132","BOER","4","132",6,21
"322",1997,"BOER_4_36","BOER","4","36",6,22
"323",1997,"BOER_4_60","BOER","4","60",6,23
"324",1997,"BOER_4_84","BOER","4","84",6,24
"325",1997,"BOER_5_108","BOER","5","108",6,25
"326",1997,"BOER_5_12","BOER","5","12",6,26
"327",1997,"BOER_5_132","BOER","5","132",6,27
"328",1997,"BOER_5_36","BOER","5","36",6,28
"329",1997,"BOER_5_60","BOER","5","60",6,29
"330",1997,"BOER_5_84","BOER","5","84",6,30
"331",1997,"LATR_1_108","LATR","1","108",6,31
"332",1997,"LATR_1_12","LATR","1","12",6,32
"333",1997,"LATR_1_132","LATR","1","132",6,33
"334",1997,"LATR_1_36","LATR","1","36",6,34
"335",1997,"LATR_1_60","LATR","1","60",6,35
"336",1997,"LATR_1_84","LATR","1","84",6,36
"337",1997,"LATR_2_108","LATR","2","108",6,37
"338",1997,"LATR_2_12","LATR","2","12",6,38
"339",1997,"LATR_2_132","LATR","2","132",6,39
"340",1997,"LATR_2_36","LATR","2","36",6,40
"341",1997,"LATR_2_60","LATR","2","60",6,41
"342",1997,"LATR_2_84","LATR","2","84",6,42
"343",1997,"LATR_3_108","LATR","3","108",6,43
"344",1997,"LATR_3_12","LATR","3","12",6,44
"345",1997,"LATR_3_132","LATR","3","132",6,45
"346",1997,"LATR_3_36","LATR","3","36",6,46
"347",1997,"LATR_3_60","LATR","3","60",6,47
"348",1997,"LATR_3_84","LATR","3","84",6,48
"349",1997,"LATR_4_108","LATR","4","108",6,49
"350",1997,"LATR_4_12","LATR","4","12",6,50
"351",1997,"LATR_4_132","LATR","4","132",6,51
"352",1997,"LATR_4_36","LATR","4","36",6,52
"353",1997,"LATR_4_60","LATR","4","60",6,53
"354",1997,"LATR_4_84","LATR","4","84",6,54
"355",1997,"LATR_5_108","LATR","5","108",6,55
"356",1997,"LATR_5_12","LATR","5","12",6,56
"357",1997,"LATR_5_132","LATR","5","132",6,57
"358",1997,"LATR_5_36","LATR","5","36",6,58
"359",1997,"LATR_5_60","LATR","5","60",6,59
"360",1997,"LATR_5_84","LATR","5","84",6,60
"361",1998,"BOER_1_108","BOER","1","108",7,1
"362",1998,"BOER_1_12","BOER","1","12",7,2
"363",1998,"BOER_1_132","BOER","1","132",7,3
"364",1998,"BOER_1_36","BOER","1","36",7,4
"365",1998,"BOER_1_60","BOER","1","60",7,5
"366",1998,"BOER_1_84","BOER","1","84",7,6
"367",1998,"BOER_2_108","BOER","2","108",7,7
"368",1998,"BOER_2_12","BOER","2","12",7,8
"369",1998,"BOER_2_132","BOER","2","132",7,9
"370",1998,"BOER_2_36","BOER","2","36",7,10
"371",1998,"BOER_2_60","BOER","2","60",7,11
"372",1998,"BOER_2_84","BOER","2","84",7,12
"373",1998,"BOER_3_108","BOER","3","108",7,13
"374",1998,"BOER_3_12","BOER","3","12",7,14
"375",1998,"BOER_3_132","BOER","3","132",7,15
"376",1998,"BOER_3_36","BOER","3","36",7,16
"377",1998,"BOER_3_60","BOER","3","60",7,17
"378",1998,"BOER_3_84","BOER","3","84",7,18
"379",1998,"BOER_4_108","BOER","4","108",7,19
"380",1998,"BOER_4_12","BOER","4","12",7,20
"381",1998,"BOER_4_132","BOER","4","132",7,21
"382",1998,"BOER_4_36","BOER","4","36",7,22
"383",1998,"BOER_4_60","BOER","4","60",7,23
"384",1998,"BOER_4_84","BOER","4","84",7,24
"385",1998,"BOER_5_108","BOER","5","108",7,25
"386",1998,"BOER_5_12","BOER","5","12",7,26
"387",1998,"BOER_5_132","BOER","5","132",7,27
"388",1998,"BOER_5_36","BOER","5","36",7,28
"389",1998,"BOER_5_60","BOER","5","60",7,29
"390",1998,"BOER_5_84","BOER","5","84",7,30
"391",1998,"LATR_1_108","LATR","1","108",7,31
"392",1998,"LATR_1_12","LATR","1","12",7,32
"393",1998,"LATR_1_132","LATR","1","132",7,33
"394",1998,"LATR_1_36","LATR","1","36",7,34
"395",1998,"LATR_1_60","LATR","1","60",7,35
"396",1998,"LATR_1_84","LATR","1","84",7,36
"397",1998,"LATR_2_108","LATR","2","108",7,37
"398",1998,"LATR_2_12","LATR","2","12",7,38
"399",1998,"LATR_2_132","LATR","2","132",7,39
"400",1998,"LATR_2_36","LATR","2","36",7,40
"401",1998,"LATR_2_60","LATR","2","60",7,41
"402",1998,"LATR_2_84","LATR","2","84",7,42
"403",1998,"LATR_3_108","LATR","3","108",7,43
"404",1998,"LATR_3_12","LATR","3","12",7,44
"405",1998,"LATR_3_132","LATR","3","132",7,45
"406",1998,"LATR_3_36","LATR","3","36",7,46
"407",1998,"LATR_3_60","LATR","3","60",7,47
"408",1998,"LATR_3_84","LATR","3","84",7,48
"409",1998,"LATR_4_108","LATR","4","108",7,49
"410",1998,"LATR_4_12","LATR","4","12",7,50
"411",1998,"LATR_4_132","LATR","4","132",7,51
"412",1998,"LATR_4_36","LATR","4","36",7,52
"413",1998,"LATR_4_60","LATR","4","60",7,53
"414",1998,"LATR_4_84","LATR","4","84",7,54
"415",1998,"LATR_5_108","LATR","5","108",7,55
"416",1998,"LATR_5_12","LATR","5","12",7,56
"417",1998,"LATR_5_132","LATR","5","132",7,57
"418",1998,"LATR_5_36","LATR","5","36",7,58
"419",1998,"LATR_5_60","LATR","5","60",7,59
"420",1998,"LATR_5_84","LATR","5","84",7,60
"421",1999,"BOER_1_108","BOER","1","108",8,1
"422",1999,"BOER_1_12","BOER","1","12",8,2
"423",1999,"BOER_1_132","BOER","1","132",8,3
"424",1999,"BOER_1_36","BOER","1","36",8,4
"425",1999,"BOER_1_60","BOER","1","60",8,5
"426",1999,"BOER_1_84","BOER","1","84",8,6
"427",1999,"BOER_2_108","BOER","2","108",8,7
"428",1999,"BOER_2_12","BOER","2","12",8,8
"429",1999,"BOER_2_132","BOER","2","132",8,9
"430",1999,"BOER_2_36","BOER","2","36",8,10
"431",1999,"BOER_2_60","BOER","2","60",8,11
"432",1999,"BOER_2_84","BOER","2","84",8,12
"433",1999,"BOER_3_108","BOER","3","108",8,13
"434",1999,"BOER_3_12","BOER","3","12",8,14
"435",1999,"BOER_3_132","BOER","3","132",8,15
"436",1999,"BOER_3_36","BOER","3","36",8,16
"437",1999,"BOER_3_60","BOER","3","60",8,17
"438",1999,"BOER_3_84","BOER","3","84",8,18
"439",1999,"BOER_4_108","BOER","4","108",8,19
"440",1999,"BOER_4_12","BOER","4","12",8,20
"441",1999,"BOER_4_132","BOER","4","132",8,21
"442",1999,"BOER_4_36","BOER","4","36",8,22
"443",1999,"BOER_4_60","BOER","4","60",8,23
"444",1999,"BOER_4_84","BOER","4","84",8,24
"445",1999,"BOER_5_108","BOER","5","108",8,25
"446",1999,"BOER_5_12","BOER","5","12",8,26
"447",1999,"BOER_5_132","BOER","5","132",8,27
"448",1999,"BOER_5_36","BOER","5","36",8,28
"449",1999,"BOER_5_60","BOER","5","60",8,29
"450",1999,"BOER_5_84","BOER","5","84",8,30
"451",1999,"LATR_1_108","LATR","1","108",8,31
"452",1999,"LATR_1_12","LATR","1","12",8,32
"453",1999,"LATR_1_132","LATR","1","132",8,33
"454",1999,"LATR_1_36","LATR","1","36",8,34
"455",1999,"LATR_1_60","LATR","1","60",8,35
"456",1999,"LATR_1_84","LATR","1","84",8,36
"457",1999,"LATR_2_108","LATR","2","108",8,37
"458",1999,"LATR_2_12","LATR","2","12",8,38
"459",1999,"LATR_2_132","LATR","2","132",8,39
"460",1999,"LATR_2_36","LATR","2","36",8,40
"461",1999,"LATR_2_60","LATR","2","60",8,41
"462",1999,"LATR_2_84","LATR","2","84",8,42
"463",1999,"LATR_3_108","LATR","3","108",8,43
"464",1999,"LATR_3_12","LATR","3","12",8,44
"465",1999,"LATR_3_132","LATR","3","132",8,45
"466",1999,"LATR_3_36","LATR","3","36",8,46
"467",1999,"LATR_3_60","LATR","3","60",8,47
"468",1999,"LATR_3_84","LATR","3","84",8,48
"469",1999,"LATR_4_108","LATR","4","108",8,49
"470",1999,"LATR_4_12","LATR","4","12",8,50
"471",1999,"LATR_4_132","LATR","4","132",8,51
"472",1999,"LATR_4_36","LATR","4","36",8,52
"473",1999,"LATR_4_60","LATR","4","60",8,53
"474",1999,"LATR_4_84","LATR","4","84",8,54
"475",1999,"LATR_5_108","LATR","5","108",8,55
"476",1999,"LATR_5_12","LATR","5","12",8,56
"477",1999,"LATR_5_132","LATR","5","132",8,57
"478",1999,"LATR_5_36","LATR","5","36",8,58
"479",1999,"LATR_5_60","LATR","5","60",8,59
"480",1999,"LATR_5_84","LATR","5","84",8,60
"481",2000,"BOER_1_108","BOER","1","108",9,1
"482",2000,"BOER_1_12","BOER","1","12",9,2
"483",2000,"BOER_1_132","BOER","1","132",9,3
"484",2000,"BOER_1_36","BOER","1","36",9,4
"485",2000,"BOER_1_60","BOER","1","60",9,5
"486",2000,"BOER_1_84","BOER","1","84",9,6
"487",2000,"BOER_2_108","BOER","2","108",9,7
"488",2000,"BOER_2_12","BOER","2","12",9,8
"489",2000,"BOER_2_132","BOER","2","132",9,9
"490",2000,"BOER_2_36","BOER","2","36",9,10
"491",2000,"BOER_2_60","BOER","2","60",9,11
"492",2000,"BOER_2_84","BOER","2","84",9,12
"493",2000,"BOER_3_108","BOER","3","108",9,13
"494",2000,"BOER_3_12","BOER","3","12",9,14
"495",2000,"BOER_3_132","BOER","3","132",9,15
"496",2000,"BOER_3_36","BOER","3","36",9,16
"497",2000,"BOER_3_60","BOER","3","60",9,17
"498",2000,"BOER_3_84","BOER","3","84",9,18
"499",2000,"BOER_4_108","BOER","4","108",9,19
"500",2000,"BOER_4_12","BOER","4","12",9,20
"501",2000,"BOER_4_132","BOER","4","132",9,21
"502",2000,"BOER_4_36","BOER","4","36",9,22
"503",2000,"BOER_4_60","BOER","4","60",9,23
"504",2000,"BOER_4_84","BOER","4","84",9,24
"505",2000,"BOER_5_108","BOER","5","108",9,25
"506",2000,"BOER_5_12","BOER","5","12",9,26
"507",2000,"BOER_5_132","BOER","5","132",9,27
"508",2000,"BOER_5_36","BOER","5","36",9,28
"509",2000,"BOER_5_60","BOER","5","60",9,29
"510",2000,"BOER_5_84","BOER","5","84",9,30
"511",2000,"LATR_1_108","LATR","1","108",9,31
"512",2000,"LATR_1_12","LATR","1","12",9,32
"513",2000,"LATR_1_132","LATR","1","132",9,33
"514",2000,"LATR_1_36","LATR","1","36",9,34
"515",2000,"LATR_1_60","LATR","1","60",9,35
"516",2000,"LATR_1_84","LATR","1","84",9,36
"517",2000,"LATR_2_108","LATR","2","108",9,37
"518",2000,"LATR_2_12","LATR","2","12",9,38
"519",2000,"LATR_2_132","LATR","2","132",9,39
"520",2000,"LATR_2_36","LATR","2","36",9,40
"521",2000,"LATR_2_60","LATR","2","60",9,41
"522",2000,"LATR_2_84","LATR","2","84",9,42
"523",2000,"LATR_3_108","LATR","3","108",9,43
"524",2000,"LATR_3_12","LATR","3","12",9,44
"525",2000,"LATR_3_132","LATR","3","132",9,45
"526",2000,"LATR_3_36","LATR","3","36",9,46
"527",2000,"LATR_3_60","LATR","3","60",9,47
"528",2000,"LATR_3_84","LATR","3","84",9,48
"529",2000,"LATR_4_108","LATR","4","108",9,49
"530",2000,"LATR_4_12","LATR","4","12",9,50
"531",2000,"LATR_4_132","LATR","4","132",9,51
"532",2000,"LATR_4_36","LATR","4","36",9,52
"533",2000,"LATR_4_60","LATR","4","60",9,53
"534",2000,"LATR_4_84","LATR","4","84",9,54
"535",2000,"LATR_5_108","LATR","5","108",9,55
"536",2000,"LATR_5_12","LATR","5","12",9,56
"537",2000,"LATR_5_132","LATR","5","132",9,57
"538",2000,"LATR_5_36","LATR","5","36",9,58
"539",2000,"LATR_5_60","LATR","5","60",9,59
"540",2000,"LATR_5_84","LATR","5","84",9,60
"541",2001,"BOER_1_108","BOER","1","108",10,1
"542",2001,"BOER_1_12","BOER","1","12",10,2
"543",2001,"BOER_1_132","BOER","1","132",10,3
"544",2001,"BOER_1_36","BOER","1","36",10,4
"545",2001,"BOER_1_60","BOER","1","60",10,5
"546",2001,"BOER_1_84","BOER","1","84",10,6
"547",2001,"BOER_2_108","BOER","2","108",10,7
"548",2001,"BOER_2_12","BOER","2","12",10,8
"549",2001,"BOER_2_132","BOER","2","132",10,9
"550",2001,"BOER_2_36","BOER","2","36",10,10
"551",2001,"BOER_2_60","BOER","2","60",10,11
"552",2001,"BOER_2_84","BOER","2","84",10,12
"553",2001,"BOER_3_108","BOER","3","108",10,13
"554",2001,"BOER_3_12","BOER","3","12",10,14
"555",2001,"BOER_3_132","BOER","3","132",10,15
"556",2001,"BOER_3_36","BOER","3","36",10,16
"557",2001,"BOER_3_60","BOER","3","60",10,17
"558",2001,"BOER_3_84","BOER","3","84",10,18
"559",2001,"BOER_4_108","BOER","4","108",10,19
"560",2001,"BOER_4_12","BOER","4","12",10,20
"561",2001,"BOER_4_132","BOER","4","132",10,21
"562",2001,"BOER_4_36","BOER","4","36",10,22
"563",2001,"BOER_4_60","BOER","4","60",10,23
"564",2001,"BOER_4_84","BOER","4","84",10,24
"565",2001,"BOER_5_108","BOER","5","108",10,25
"566",2001,"BOER_5_12","BOER","5","12",10,26
"567",2001,"BOER_5_132","BOER","5","132",10,27
"568",2001,"BOER_5_36","BOER","5","36",10,28
"569",2001,"BOER_5_60","BOER","5","60",10,29
"570",2001,"BOER_5_84","BOER","5","84",10,30
"571",2001,"LATR_1_108","LATR","1","108",10,31
"572",2001,"LATR_1_12","LATR","1","12",10,32
"573",2001,"LATR_1_132","LATR","1","132",10,33
"574",2001,"LATR_1_36","LATR","1","36",10,34
"575",2001,"LATR_1_60","LATR","1","60",10,35
"576",2001,"LATR_1_84","LATR","1","84",10,36
"577",2001,"LATR_2_108","LATR","2","108",10,37
"578",2001,"LATR_2_12","LATR","2","12",10,38
"579",2001,"LATR_2_132","LATR","2","132",10,39
"580",2001,"LATR_2_36","LATR","2","36",10,40
"581",2001,"LATR_2_60","LATR","2","60",10,41
"582",2001,"LATR_2_84","LATR","2","84",10,42
"583",2001,"LATR_3_108","LATR","3","108",10,43
"584",2001,"LATR_3_12","LATR","3","12",10,44
"585",2001,"LATR_3_132","LATR","3","132",10,45
"586",2001,"LATR_3_36","LATR","3","36",10,46
"587",2001,"LATR_3_60","LATR","3","60",10,47
"588",2001,"LATR_3_84","LATR","3","84",10,48
"589",2001,"LATR_4_108","LATR","4","108",10,49
"590",2001,"LATR_4_12","LATR","4","12",10,50
"591",2001,"LATR_4_132","LATR","4","132",10,51
"592",2001,"LATR_4_36","LATR","4","36",10,52
"593",2001,"LATR_4_60","LATR","4","60",10,53
"594",2001,"LATR_4_84","LATR","4","84",10,54
"595",2001,"LATR_5_108","LATR","5","108",10,55
"596",2001,"LATR_5_12","LATR","5","12",10,56
"597",2001,"LATR_5_132","LATR","5","132",10,57
"598",2001,"LATR_5_36","LATR","5","36",10,58
"599",2001,"LATR_5_60","LATR","5","60",10,59
"600",2001,"LATR_5_84","LATR","5","84",10,60
"601",2002,"BOER_1_108","BOER","1","108",11,1
"602",2002,"BOER_1_12","BOER","1","12",11,2
"603",2002,"BOER_1_132","BOER","1","132",11,3
"604",2002,"BOER_1_36","BOER","1","36",11,4
"605",2002,"BOER_1_60","BOER","1","60",11,5
"606",2002,"BOER_1_84","BOER","1","84",11,6
"607",2002,"BOER_2_108","BOER","2","108",11,7
"608",2002,"BOER_2_12","BOER","2","12",11,8
"609",2002,"BOER_2_132","BOER","2","132",11,9
"610",2002,"BOER_2_36","BOER","2","36",11,10
"611",2002,"BOER_2_60","BOER","2","60",11,11
"612",2002,"BOER_2_84","BOER","2","84",11,12
"613",2002,"BOER_3_108","BOER","3","108",11,13
"614",2002,"BOER_3_12","BOER","3","12",11,14
"615",2002,"BOER_3_132","BOER","3","132",11,15
"616",2002,"BOER_3_36","BOER","3","36",11,16
"617",2002,"BOER_3_60","BOER","3","60",11,17
"618",2002,"BOER_3_84","BOER","3","84",11,18
"619",2002,"BOER_4_108","BOER","4","108",11,19
"620",2002,"BOER_4_12","BOER","4","12",11,20
"621",2002,"BOER_4_132","BOER","4","132",11,21
"622",2002,"BOER_4_36","BOER","4","36",11,22
"623",2002,"BOER_4_60","BOER","4","60",11,23
"624",2002,"BOER_4_84","BOER","4","84",11,24
"625",2002,"BOER_5_108","BOER","5","108",11,25
"626",2002,"BOER_5_12","BOER","5","12",11,26
"627",2002,"BOER_5_132","BOER","5","132",11,27
"628",2002,"BOER_5_36","BOER","5","36",11,28
"629",2002,"BOER_5_60","BOER","5","60",11,29
"630",2002,"BOER_5_84","BOER","5","84",11,30
"631",2002,"LATR_1_108","LATR","1","108",11,31
"632",2002,"LATR_1_12","LATR","1","12",11,32
"633",2002,"LATR_1_132","LATR","1","132",11,33
"634",2002,"LATR_1_36","LATR","1","36",11,34
"635",2002,"LATR_1_60","LATR","1","60",11,35
"636",2002,"LATR_1_84","LATR","1","84",11,36
"637",2002,"LATR_2_108","LATR","2","108",11,37
"638",2002,"LATR_2_12","LATR","2","12",11,38
"639",2002,"LATR_2_132","LATR","2","132",11,39
"640",2002,"LATR_2_36","LATR","2","36",11,40
"641",2002,"LATR_2_60","LATR","2","60",11,41
"642",2002,"LATR_2_84","LATR","2","84",11,42
"643",2002,"LATR_3_108","LATR","3","108",11,43
"644",2002,"LATR_3_12","LATR","3","12",11,44
"645",2002,"LATR_3_132","LATR","3","132",11,45
"646",2002,"LATR_3_36","LATR","3","36",11,46
"647",2002,"LATR_3_60","LATR","3","60",11,47
"648",2002,"LATR_3_84","LATR","3","84",11,48
"649",2002,"LATR_4_108","LATR","4","108",11,49
"650",2002,"LATR_4_12","LATR","4","12",11,50
"651",2002,"LATR_4_132","LATR","4","132",11,51
"652",2002,"LATR_4_36","LATR","4","36",11,52
"653",2002,"LATR_4_60","LATR","4","60",11,53
"654",2002,"LATR_4_84","LATR","4","84",11,54
"655",2002,"LATR_5_108","LATR","5","108",11,55
"656",2002,"LATR_5_12","LATR","5","12",11,56
"657",2002,"LATR_5_132","LATR","5","132",11,57
"658",2002,"LATR_5_36","LATR","5","36",11,58
"659",2002,"LATR_5_60","LATR","5","60",11,59
"660",2002,"LATR_5_84","LATR","5","84",11,60
"661",2003,"BOER_1_108","BOER","1","108",12,1
"662",2003,"BOER_1_12","BOER","1","12",12,2
"663",2003,"BOER_1_132","BOER","1","132",12,3
"664",2003,"BOER_1_36","BOER","1","36",12,4
"665",2003,"BOER_1_60","BOER","1","60",12,5
"666",2003,"BOER_1_84","BOER","1","84",12,6
"667",2003,"BOER_2_108","BOER","2","108",12,7
"668",2003,"BOER_2_12","BOER","2","12",12,8
"669",2003,"BOER_2_132","BOER","2","132",12,9
"670",2003,"BOER_2_36","BOER","2","36",12,10
"671",2003,"BOER_2_60","BOER","2","60",12,11
"672",2003,"BOER_2_84","BOER","2","84",12,12
"673",2003,"BOER_3_108","BOER","3","108",12,13
"674",2003,"BOER_3_12","BOER","3","12",12,14
"675",2003,"BOER_3_132","BOER","3","132",12,15
"676",2003,"BOER_3_36","BOER","3","36",12,16
"677",2003,"BOER_3_60","BOER","3","60",12,17
"678",2003,"BOER_3_84","BOER","3","84",12,18
"679",2003,"BOER_4_108","BOER","4","108",12,19
"680",2003,"BOER_4_12","BOER","4","12",12,20
"681",2003,"BOER_4_132","BOER","4","132",12,21
"682",2003,"BOER_4_36","BOER","4","36",12,22
"683",2003,"BOER_4_60","BOER","4","60",12,23
"684",2003,"BOER_4_84","BOER","4","84",12,24
"685",2003,"BOER_5_108","BOER","5","108",12,25
"686",2003,"BOER_5_12","BOER","5","12",12,26
"687",2003,"BOER_5_132","BOER","5","132",12,27
"688",2003,"BOER_5_36","BOER","5","36",12,28
"689",2003,"BOER_5_60","BOER","5","60",12,29
"690",2003,"BOER_5_84","BOER","5","84",12,30
"691",2003,"LATR_1_108","LATR","1","108",12,31
"692",2003,"LATR_1_12","LATR","1","12",12,32
"693",2003,"LATR_1_132","LATR","1","132",12,33
"694",2003,"LATR_1_36","LATR","1","36",12,34
"695",2003,"LATR_1_60","LATR","1","60",12,35
"696",2003,"LATR_1_84","LATR","1","84",12,36
"697",2003,"LATR_2_108","LATR","2","108",12,37
"698",2003,"LATR_2_12","LATR","2","12",12,38
"699",2003,"LATR_2_132","LATR","2","132",12,39
"700",2003,"LATR_2_36","LATR","2","36",12,40
"701",2003,"LATR_2_60","LATR","2","60",12,41
"702",2003,"LATR_2_84","LATR","2","84",12,42
"703",2003,"LATR_3_108","LATR","3","108",12,43
"704",2003,"LATR_3_12","LATR","3","12",12,44
"705",2003,"LATR_3_132","LATR","3","132",12,45
"706",2003,"LATR_3_36","LATR","3","36",12,46
"707",2003,"LATR_3_60","LATR","3","60",12,47
"708",2003,"LATR_3_84","LATR","3","84",12,48
"709",2003,"LATR_4_108","LATR","4","108",12,49
"710",2003,"LATR_4_12","LATR","4","12",12,50
"711",2003,"LATR_4_132","LATR","4","132",12,51
"712",2003,"LATR_4_36","LATR","4","36",12,52
"713",2003,"LATR_4_60","LATR","4","60",12,53
"714",2003,"LATR_4_84","LATR","4","84",12,54
"715",2003,"LATR_5_108","LATR","5","108",12,55
"716",2003,"LATR_5_12","LATR","5","12",12,56
"717",2003,"LATR_5_132","LATR","5","132",12,57
"718",2003,"LATR_5_36","LATR","5","36",12,58
"719",2003,"LATR_5_60","LATR","5","60",12,59
"720",2003,"LATR_5_84","LATR","5","84",12,60
"721",2004,"BOER_1_108","BOER","1","108",13,1
"722",2004,"BOER_1_12","BOER","1","12",13,2
"723",2004,"BOER_1_132","BOER","1","132",13,3
"724",2004,"BOER_1_36","BOER","1","36",13,4
"725",2004,"BOER_1_60","BOER","1","60",13,5
"726",2004,"BOER_1_84","BOER","1","84",13,6
"727",2004,"BOER_2_108","BOER","2","108",13,7
"728",2004,"BOER_2_12","BOER","2","12",13,8
"729",2004,"BOER_2_132","BOER","2","132",13,9
"730",2004,"BOER_2_36","BOER","2","36",13,10
"731",2004,"BOER_2_60","BOER","2","60",13,11
"732",2004,"BOER_2_84","BOER","2","84",13,12
"733",2004,"BOER_3_108","BOER","3","108",13,13
"734",2004,"BOER_3_12","BOER","3","12",13,14
"735",2004,"BOER_3_132","BOER","3","132",13,15
"736",2004,"BOER_3_36","BOER","3","36",13,16
"737",2004,"BOER_3_60","BOER","3","60",13,17
"738",2004,"BOER_3_84","BOER","3","84",13,18
"739",2004,"BOER_5_108","BOER","5","108",13,25
"740",2004,"BOER_5_12","BOER","5","12",13,26
"741",2004,"BOER_5_132","BOER","5","132",13,27
"742",2004,"BOER_5_36","BOER","5","36",13,28
"743",2004,"BOER_5_60","BOER","5","60",13,29
"744",2004,"BOER_5_84","BOER","5","84",13,30
"745",2004,"LATR_1_108","LATR","1","108",13,31
"746",2004,"LATR_1_12","LATR","1","12",13,32
"747",2004,"LATR_1_132","LATR","1","132",13,33
"748",2004,"LATR_1_36","LATR","1","36",13,34
"749",2004,"LATR_1_60","LATR","1","60",13,35
"750",2004,"LATR_1_84","LATR","1","84",13,36
"751",2004,"LATR_2_108","LATR","2","108",13,37
"752",2004,"LATR_2_12","LATR","2","12",13,38
"753",2004,"LATR_2_132","LATR","2","132",13,39
"754",2004,"LATR_2_36","LATR","2","36",13,40
"755",2004,"LATR_2_60","LATR","2","60",13,41
"756",2004,"LATR_2_84","LATR","2","84",13,42
"757",2004,"LATR_3_108","LATR","3","108",13,43
"758",2004,"LATR_3_12","LATR","3","12",13,44
"759",2004,"LATR_3_132","LATR","3","132",13,45
"760",2004,"LATR_3_36","LATR","3","36",13,46
"761",2004,"LATR_3_60","LATR","3","60",13,47
"762",2004,"LATR_3_84","LATR","3","84",13,48
"763",2004,"LATR_4_108","LATR","4","108",13,49
"764",2004,"LATR_4_12","LATR","4","12",13,50
"765",2004,"LATR_4_132","LATR","4","132",13,51
"766",2004,"LATR_4_36","LATR","4","36",13,52
"767",2004,"LATR_4_60","LATR","4","60",13,53
"768",2004,"LATR_4_84","LATR","4","84",13,54
"769",2004,"LATR_5_108","LATR","5","108",13,55
"770",2004,"LATR_5_12","LATR","5","12",13,56
"771",2004,"LATR_5_132","LATR","5","132",13,57
"772",2004,"LATR_5_36","LATR","5","36",13,58
"773",2004,"LATR_5_60","LATR","5","60",13,59
"774",2004,"LATR_5_84","LATR","5","84",13,60
"775",2004,"BOER_4_108","BOER","4","108",13,19
"776",2004,"BOER_4_12","BOER","4","12",13,20
"777",2004,"BOER_4_132","BOER","4","132",13,21
"778",2004,"BOER_4_36","BOER","4","36",13,22
"779",2004,"BOER_4_60","BOER","4","60",13,23
"780",2004,"BOER_4_84","BOER","4","84",13,24
"781",2005,"BOER_1_108","BOER","1","108",14,1
"782",2005,"BOER_1_12","BOER","1","12",14,2
"783",2005,"BOER_1_132","BOER","1","132",14,3
"784",2005,"BOER_1_36","BOER","1","36",14,4
"785",2005,"BOER_1_60","BOER","1","60",14,5
"786",2005,"BOER_1_84","BOER","1","84",14,6
"787",2005,"BOER_2_108","BOER","2","108",14,7
"788",2005,"BOER_2_12","BOER","2","12",14,8
"789",2005,"BOER_2_132","BOER","2","132",14,9
"790",2005,"BOER_2_36","BOER","2","36",14,10
"791",2005,"BOER_2_60","BOER","2","60",14,11
"792",2005,"BOER_2_84","BOER","2","84",14,12
"793",2005,"BOER_3_108","BOER","3","108",14,13
"794",2005,"BOER_3_12","BOER","3","12",14,14
"795",2005,"BOER_3_132","BOER","3","132",14,15
"796",2005,"BOER_3_36","BOER","3","36",14,16
"797",2005,"BOER_3_60","BOER","3","60",14,17
"798",2005,"BOER_3_84","BOER","3","84",14,18
"799",2005,"BOER_4_108","BOER","4","108",14,19
"800",2005,"BOER_4_12","BOER","4","12",14,20
"801",2005,"BOER_4_132","BOER","4","132",14,21
"802",2005,"BOER_4_36","BOER","4","36",14,22
"803",2005,"BOER_4_60","BOER","4","60",14,23
"804",2005,"BOER_4_84","BOER","4","84",14,24
"805",2005,"BOER_5_108","BOER","5","108",14,25
"806",2005,"BOER_5_12","BOER","5","12",14,26
"807",2005,"BOER_5_132","BOER","5","132",14,27
"808",2005,"BOER_5_36","BOER","5","36",14,28
"809",2005,"BOER_5_60","BOER","5","60",14,29
"810",2005,"BOER_5_84","BOER","5","84",14,30
"811",2005,"LATR_1_108","LATR","1","108",14,31
"812",2005,"LATR_1_12","LATR","1","12",14,32
"813",2005,"LATR_1_132","LATR","1","132",14,33
"814",2005,"LATR_1_36","LATR","1","36",14,34
"815",2005,"LATR_1_60","LATR","1","60",14,35
"816",2005,"LATR_1_84","LATR","1","84",14,36
"817",2005,"LATR_2_108","LATR","2","108",14,37
"818",2005,"LATR_2_12","LATR","2","12",14,38
"819",2005,"LATR_2_132","LATR","2","132",14,39
"820",2005,"LATR_2_36","LATR","2","36",14,40
"821",2005,"LATR_2_60","LATR","2","60",14,41
"822",2005,"LATR_2_84","LATR","2","84",14,42
"823",2005,"LATR_3_108","LATR","3","108",14,43
"824",2005,"LATR_3_12","LATR","3","12",14,44
"825",2005,"LATR_3_132","LATR","3","132",14,45
"826",2005,"LATR_3_36","LATR","3","36",14,46
"827",2005,"LATR_3_60","LATR","3","60",14,47
"828",2005,"LATR_3_84","LATR","3","84",14,48
"829",2005,"LATR_4_108","LATR","4","108",14,49
"830",2005,"LATR_4_12","LATR","4","12",14,50
"831",2005,"LATR_4_132","LATR","4","132",14,51
"832",2005,"LATR_4_36","LATR","4","36",14,52
"833",2005,"LATR_4_60","LATR","4","60",14,53
"834",2005,"LATR_4_84","LATR","4","84",14,54
"835",2005,"LATR_5_108","LATR","5","108",14,55
"836",2005,"LATR_5_12","LATR","5","12",14,56
"837",2005,"LATR_5_132","LATR","5","132",14,57
"838",2005,"LATR_5_36","LATR","5","36",14,58
"839",2005,"LATR_5_60","LATR","5","60",14,59
"840",2005,"LATR_5_84","LATR","5","84",14,60
"841",2006,"BOER_1_108","BOER","1","108",15,1
"842",2006,"BOER_1_12","BOER","1","12",15,2
"843",2006,"BOER_1_132","BOER","1","132",15,3
"844",2006,"BOER_1_36","BOER","1","36",15,4
"845",2006,"BOER_1_60","BOER","1","60",15,5
"846",2006,"BOER_1_84","BOER","1","84",15,6
"847",2006,"BOER_2_108","BOER","2","108",15,7
"848",2006,"BOER_2_12","BOER","2","12",15,8
"849",2006,"BOER_2_132","BOER","2","132",15,9
"850",2006,"BOER_2_36","BOER","2","36",15,10
"851",2006,"BOER_2_60","BOER","2","60",15,11
"852",2006,"BOER_2_84","BOER","2","84",15,12
"853",2006,"BOER_3_108","BOER","3","108",15,13
"854",2006,"BOER_3_12","BOER","3","12",15,14
"855",2006,"BOER_3_132","BOER","3","132",15,15
"856",2006,"BOER_3_36","BOER","3","36",15,16
"857",2006,"BOER_3_60","BOER","3","60",15,17
"858",2006,"BOER_3_84","BOER","3","84",15,18
"859",2006,"BOER_4_108","BOER","4","108",15,19
"860",2006,"BOER_4_12","BOER","4","12",15,20
"861",2006,"BOER_4_132","BOER","4","132",15,21
"862",2006,"BOER_4_36","BOER","4","36",15,22
"863",2006,"BOER_4_60","BOER","4","60",15,23
"864",2006,"BOER_4_84","BOER","4","84",15,24
"865",2006,"BOER_5_108","BOER","5","108",15,25
"866",2006,"BOER_5_12","BOER","5","12",15,26
"867",2006,"BOER_5_132","BOER","5","132",15,27
"868",2006,"BOER_5_36","BOER","5","36",15,28
"869",2006,"BOER_5_60","BOER","5","60",15,29
"870",2006,"BOER_5_84","BOER","5","84",15,30
"871",2006,"LATR_1_108","LATR","1","108",15,31
"872",2006,"LATR_1_12","LATR","1","12",15,32
"873",2006,"LATR_1_132","LATR","1","132",15,33
"874",2006,"LATR_1_36","LATR","1","36",15,34
"875",2006,"LATR_1_60","LATR","1","60",15,35
"876",2006,"LATR_1_84","LATR","1","84",15,36
"877",2006,"LATR_2_108","LATR","2","108",15,37
"878",2006,"LATR_2_12","LATR","2","12",15,38
"879",2006,"LATR_2_132","LATR","2","132",15,39
"880",2006,"LATR_2_36","LATR","2","36",15,40
"881",2006,"LATR_2_60","LATR","2","60",15,41
"882",2006,"LATR_2_84","LATR","2","84",15,42
"883",2006,"LATR_3_108","LATR","3","108",15,43
"884",2006,"LATR_3_12","LATR","3","12",15,44
"885",2006,"LATR_3_132","LATR","3","132",15,45
"886",2006,"LATR_3_36","LATR","3","36",15,46
"887",2006,"LATR_3_60","LATR","3","60",15,47
"888",2006,"LATR_3_84","LATR","3","84",15,48
"889",2006,"LATR_4_108","LATR","4","108",15,49
"890",2006,"LATR_4_12","LATR","4","12",15,50
"891",2006,"LATR_4_132","LATR","4","132",15,51
"892",2006,"LATR_4_36","LATR","4","36",15,52
"893",2006,"LATR_4_60","LATR","4","60",15,53
"894",2006,"LATR_4_84","LATR","4","84",15,54
"895",2006,"LATR_5_108","LATR","5","108",15,55
"896",2006,"LATR_5_12","LATR","5","12",15,56
"897",2006,"LATR_5_132","LATR","5","132",15,57
"898",2006,"LATR_5_36","LATR","5","36",15,58
"899",2006,"LATR_5_60","LATR","5","60",15,59
"900",2006,"LATR_5_84","LATR","5","84",15,60
"901",2007,"BOER_1_108","BOER","1","108",16,1
"902",2007,"BOER_1_12","BOER","1","12",16,2
"903",2007,"BOER_1_132","BOER","1","132",16,3
"904",2007,"BOER_1_36","BOER","1","36",16,4
"905",2007,"BOER_1_60","BOER","1","60",16,5
"906",2007,"BOER_1_84","BOER","1","84",16,6
"907",2007,"BOER_2_108","BOER","2","108",16,7
"908",2007,"BOER_2_12","BOER","2","12",16,8
"909",2007,"BOER_2_132","BOER","2","132",16,9
"910",2007,"BOER_2_36","BOER","2","36",16,10
"911",2007,"BOER_2_60","BOER","2","60",16,11
"912",2007,"BOER_2_84","BOER","2","84",16,12
"913",2007,"BOER_3_108","BOER","3","108",16,13
"914",2007,"BOER_3_12","BOER","3","12",16,14
"915",2007,"BOER_3_132","BOER","3","132",16,15
"916",2007,"BOER_3_36","BOER","3","36",16,16
"917",2007,"BOER_3_60","BOER","3","60",16,17
"918",2007,"BOER_3_84","BOER","3","84",16,18
"919",2007,"BOER_4_108","BOER","4","108",16,19
"920",2007,"BOER_4_12","BOER","4","12",16,20
"921",2007,"BOER_4_132","BOER","4","132",16,21
"922",2007,"BOER_4_36","BOER","4","36",16,22
"923",2007,"BOER_4_60","BOER","4","60",16,23
"924",2007,"BOER_4_84","BOER","4","84",16,24
"925",2007,"BOER_5_108","BOER","5","108",16,25
"926",2007,"BOER_5_12","BOER","5","12",16,26
"927",2007,"BOER_5_132","BOER","5","132",16,27
"928",2007,"BOER_5_36","BOER","5","36",16,28
"929",2007,"BOER_5_60","BOER","5","60",16,29
"930",2007,"BOER_5_84","BOER","5","84",16,30
"931",2007,"LATR_1_108","LATR","1","108",16,31
"932",2007,"LATR_1_12","LATR","1","12",16,32
"933",2007,"LATR_1_132","LATR","1","132",16,33
"934",2007,"LATR_1_36","LATR","1","36",16,34
"935",2007,"LATR_1_60","LATR","1","60",16,35
"936",2007,"LATR_1_84","LATR","1","84",16,36
"937",2007,"LATR_2_108","LATR","2","108",16,37
"938",2007,"LATR_2_12","LATR","2","12",16,38
"939",2007,"LATR_2_132","LATR","2","132",16,39
"940",2007,"LATR_2_36","LATR","2","36",16,40
"941",2007,"LATR_2_60","LATR","2","60",16,41
"942",2007,"LATR_2_84","LATR","2","84",16,42
"943",2007,"LATR_3_108","LATR","3","108",16,43
"944",2007,"LATR_3_12","LATR","3","12",16,44
"945",2007,"LATR_3_132","LATR","3","132",16,45
"946",2007,"LATR_3_36","LATR","3","36",16,46
"947",2007,"LATR_3_60","LATR","3","60",16,47
"948",2007,"LATR_3_84","LATR","3","84",16,48
"949",2007,"LATR_4_108","LATR","4","108",16,49
"950",2007,"LATR_4_12","LATR","4","12",16,50
"951",2007,"LATR_4_132","LATR","4","132",16,51
"952",2007,"LATR_4_36","LATR","4","36",16,52
"953",2007,"LATR_4_60","LATR","4","60",16,53
"954",2007,"LATR_4_84","LATR","4","84",16,54
"955",2007,"LATR_5_108","LATR","5","108",16,55
"956",2007,"LATR_5_12","LATR","5","12",16,56
"957",2007,"LATR_5_132","LATR","5","132",16,57
"958",2007,"LATR_5_36","LATR","5","36",16,58
"959",2007,"LATR_5_60","LATR","5","60",16,59
"960",2007,"LATR_5_84","LATR","5","84",16,60
"961",2008,"BOER_1_108","BOER","1","108",17,1
"962",2008,"BOER_1_12","BOER","1","12",17,2
"963",2008,"BOER_1_132","BOER","1","132",17,3
"964",2008,"BOER_1_36","BOER","1","36",17,4
"965",2008,"BOER_1_60","BOER","1","60",17,5
"966",2008,"BOER_1_84","BOER","1","84",17,6
"967",2008,"BOER_2_108","BOER","2","108",17,7
"968",2008,"BOER_2_12","BOER","2","12",17,8
"969",2008,"BOER_2_132","BOER","2","132",17,9
"970",2008,"BOER_2_36","BOER","2","36",17,10
"971",2008,"BOER_2_60","BOER","2","60",17,11
"972",2008,"BOER_2_84","BOER","2","84",17,12
"973",2008,"BOER_3_108","BOER","3","108",17,13
"974",2008,"BOER_3_12","BOER","3","12",17,14
"975",2008,"BOER_3_132","BOER","3","132",17,15
"976",2008,"BOER_3_36","BOER","3","36",17,16
"977",2008,"BOER_3_60","BOER","3","60",17,17
"978",2008,"BOER_3_84","BOER","3","84",17,18
"979",2008,"BOER_4_108","BOER","4","108",17,19
"980",2008,"BOER_4_12","BOER","4","12",17,20
"981",2008,"BOER_4_132","BOER","4","132",17,21
"982",2008,"BOER_4_36","BOER","4","36",17,22
"983",2008,"BOER_4_60","BOER","4","60",17,23
"984",2008,"BOER_4_84","BOER","4","84",17,24
"985",2008,"BOER_5_108","BOER","5","108",17,25
"986",2008,"BOER_5_12","BOER","5","12",17,26
"987",2008,"BOER_5_132","BOER","5","132",17,27
"988",2008,"BOER_5_36","BOER","5","36",17,28
"989",2008,"BOER_5_60","BOER","5","60",17,29
"990",2008,"BOER_5_84","BOER","5","84",17,30
"991",2008,"LATR_1_108","LATR","1","108",17,31
"992",2008,"LATR_1_12","LATR","1","12",17,32
"993",2008,"LATR_1_132","LATR","1","132",17,33
"994",2008,"LATR_1_36","LATR","1","36",17,34
"995",2008,"LATR_1_60","LATR","1","60",17,35
"996",2008,"LATR_1_84","LATR","1","84",17,36
"997",2008,"LATR_2_108","LATR","2","108",17,37
"998",2008,"LATR_2_12","LATR","2","12",17,38
"999",2008,"LATR_2_132","LATR","2","132",17,39
"1000",2008,"LATR_2_36","LATR","2","36",17,40
"1001",2008,"LATR_2_60","LATR","2","60",17,41
"1002",2008,"LATR_2_84","LATR","2","84",17,42
"1003",2008,"LATR_3_108","LATR","3","108",17,43
"1004",2008,"LATR_3_12","LATR","3","12",17,44
"1005",2008,"LATR_3_132","LATR","3","132",17,45
"1006",2008,"LATR_3_36","LATR","3","36",17,46
"1007",2008,"LATR_3_60","LATR","3","60",17,47
"1008",2008,"LATR_3_84","LATR","3","84",17,48
"1009",2008,"LATR_4_108","LATR","4","108",17,49
"1010",2008,"LATR_4_12","LATR","4","12",17,50
"1011",2008,"LATR_4_132","LATR","4","132",17,51
"1012",2008,"LATR_4_36","LATR","4","36",17,52
"1013",2008,"LATR_4_60","LATR","4","60",17,53
"1014",2008,"LATR_4_84","LATR","4","84",17,54
"1015",2008,"LATR_5_108","LATR","5","108",17,55
"1016",2008,"LATR_5_12","LATR","5","12",17,56
"1017",2008,"LATR_5_132","LATR","5","132",17,57
"1018",2008,"LATR_5_36","LATR","5","36",17,58
"1019",2008,"LATR_5_60","LATR","5","60",17,59
"1020",2008,"LATR_5_84","LATR","5","84",17,60
"1021",2009,"BOER_1_108","BOER","1","108",18,1
"1022",2009,"BOER_1_12","BOER","1","12",18,2
"1023",2009,"BOER_1_132","BOER","1","132",18,3
"1024",2009,"BOER_1_36","BOER","1","36",18,4
"1025",2009,"BOER_1_60","BOER","1","60",18,5
"1026",2009,"BOER_1_84","BOER","1","84",18,6
"1027",2009,"BOER_2_108","BOER","2","108",18,7
"1028",2009,"BOER_2_12","BOER","2","12",18,8
"1029",2009,"BOER_2_132","BOER","2","132",18,9
"1030",2009,"BOER_2_36","BOER","2","36",18,10
"1031",2009,"BOER_2_60","BOER","2","60",18,11
"1032",2009,"BOER_2_84","BOER","2","84",18,12
"1033",2009,"BOER_3_108","BOER","3","108",18,13
"1034",2009,"BOER_3_12","BOER","3","12",18,14
"1035",2009,"BOER_3_132","BOER","3","132",18,15
"1036",2009,"BOER_3_36","BOER","3","36",18,16
"1037",2009,"BOER_3_60","BOER","3","60",18,17
"1038",2009,"BOER_3_84","BOER","3","84",18,18
"1039",2009,"BOER_4_108","BOER","4","108",18,19
"1040",2009,"BOER_4_12","BOER","4","12",18,20
"1041",2009,"BOER_4_132","BOER","4","132",18,21
"1042",2009,"BOER_4_36","BOER","4","36",18,22
"1043",2009,"BOER_4_60","BOER","4","60",18,23
"1044",2009,"BOER_4_84","BOER","4","84",18,24
"1045",2009,"BOER_5_108","BOER","5","108",18,25
"1046",2009,"BOER_5_12","BOER","5","12",18,26
"1047",2009,"BOER_5_132","BOER","5","132",18,27
"1048",2009,"BOER_5_36","BOER","5","36",18,28
"1049",2009,"BOER_5_60","BOER","5","60",18,29
"1050",2009,"BOER_5_84","BOER","5","84",18,30
"1051",2009,"LATR_1_108","LATR","1","108",18,31
"1052",2009,"LATR_1_12","LATR","1","12",18,32
"1053",2009,"LATR_1_132","LATR","1","132",18,33
"1054",2009,"LATR_1_36","LATR","1","36",18,34
"1055",2009,"LATR_1_60","LATR","1","60",18,35
"1056",2009,"LATR_1_84","LATR","1","84",18,36
"1057",2009,"LATR_2_108","LATR","2","108",18,37
"1058",2009,"LATR_2_12","LATR","2","12",18,38
"1059",2009,"LATR_2_132","LATR","2","132",18,39
"1060",2009,"LATR_2_36","LATR","2","36",18,40
"1061",2009,"LATR_2_60","LATR","2","60",18,41
"1062",2009,"LATR_2_84","LATR","2","84",18,42
"1063",2009,"LATR_3_108","LATR","3","108",18,43
"1064",2009,"LATR_3_12","LATR","3","12",18,44
"1065",2009,"LATR_3_132","LATR","3","132",18,45
"1066",2009,"LATR_3_36","LATR","3","36",18,46
"1067",2009,"LATR_3_60","LATR","3","60",18,47
"1068",2009,"LATR_3_84","LATR","3","84",18,48
"1069",2009,"LATR_4_108","LATR","4","108",18,49
"1070",2009,"LATR_4_12","LATR","4","12",18,50
"1071",2009,"LATR_4_132","LATR","4","132",18,51
"1072",2009,"LATR_4_36","LATR","4","36",18,52
"1073",2009,"LATR_4_60","LATR","4","60",18,53
"1074",2009,"LATR_4_84","LATR","4","84",18,54
"1075",2009,"LATR_5_108","LATR","5","108",18,55
"1076",2009,"LATR_5_12","LATR","5","12",18,56
"1077",2009,"LATR_5_132","LATR","5","132",18,57
"1078",2009,"LATR_5_36","LATR","5","36",18,58
"1079",2009,"LATR_5_60","LATR","5","60",18,59
"1080",2009,"LATR_5_84","LATR","5","84",18,60
"1081",2010,"BOER_1_108","BOER","1","108",19,1
"1082",2010,"BOER_1_12","BOER","1","12",19,2
"1083",2010,"BOER_1_132","BOER","1","132",19,3
"1084",2010,"BOER_1_36","BOER","1","36",19,4
"1085",2010,"BOER_1_60","BOER","1","60",19,5
"1086",2010,"BOER_1_84","BOER","1","84",19,6
"1087",2010,"BOER_2_108","BOER","2","108",19,7
"1088",2010,"BOER_2_12","BOER","2","12",19,8
"1089",2010,"BOER_2_132","BOER","2","132",19,9
"1090",2010,"BOER_2_36","BOER","2","36",19,10
"1091",2010,"BOER_2_60","BOER","2","60",19,11
"1092",2010,"BOER_2_84","BOER","2","84",19,12
"1093",2010,"BOER_3_108","BOER","3","108",19,13
"1094",2010,"BOER_3_12","BOER","3","12",19,14
"1095",2010,"BOER_3_132","BOER","3","132",19,15
"1096",2010,"BOER_3_36","BOER","3","36",19,16
"1097",2010,"BOER_3_60","BOER","3","60",19,17
"1098",2010,"BOER_3_84","BOER","3","84",19,18
"1099",2010,"BOER_4_108","BOER","4","108",19,19
"1100",2010,"BOER_4_12","BOER","4","12",19,20
"1101",2010,"BOER_4_132","BOER","4","132",19,21
"1102",2010,"BOER_4_36","BOER","4","36",19,22
"1103",2010,"BOER_4_60","BOER","4","60",19,23
"1104",2010,"BOER_4_84","BOER","4","84",19,24
"1105",2010,"BOER_5_108","BOER","5","108",19,25
"1106",2010,"BOER_5_12","BOER","5","12",19,26
"1107",2010,"BOER_5_132","BOER","5","132",19,27
"1108",2010,"BOER_5_36","BOER","5","36",19,28
"1109",2010,"BOER_5_60","BOER","5","60",19,29
"1110",2010,"BOER_5_84","BOER","5","84",19,30
"1111",2010,"LATR_1_108","LATR","1","108",19,31
"1112",2010,"LATR_1_12","LATR","1","12",19,32
"1113",2010,"LATR_1_132","LATR","1","132",19,33
"1114",2010,"LATR_1_36","LATR","1","36",19,34
"1115",2010,"LATR_1_60","LATR","1","60",19,35
"1116",2010,"LATR_1_84","LATR","1","84",19,36
"1117",2010,"LATR_2_108","LATR","2","108",19,37
"1118",2010,"LATR_2_12","LATR","2","12",19,38
"1119",2010,"LATR_2_132","LATR","2","132",19,39
"1120",2010,"LATR_2_36","LATR","2","36",19,40
"1121",2010,"LATR_2_60","LATR","2","60",19,41
"1122",2010,"LATR_2_84","LATR","2","84",19,42
"1123",2010,"LATR_3_108","LATR","3","108",19,43
"1124",2010,"LATR_3_12","LATR","3","12",19,44
"1125",2010,"LATR_3_132","LATR","3","132",19,45
"1126",2010,"LATR_3_36","LATR","3","36",19,46
"1127",2010,"LATR_3_60","LATR","3","60",19,47
"1128",2010,"LATR_3_84","LATR","3","84",19,48
"1129",2010,"LATR_4_108","LATR","4","108",19,49
"1130",2010,"LATR_4_12","LATR","4","12",19,50
"1131",2010,"LATR_4_132","LATR","4","132",19,51
"1132",2010,"LATR_4_36","LATR","4","36",19,52
"1133",2010,"LATR_4_60","LATR","4","60",19,53
"1134",2010,"LATR_4_84","LATR","4","84",19,54
"1135",2010,"LATR_5_108","LATR","5","108",19,55
"1136",2010,"LATR_5_12","LATR","5","12",19,56
"1137",2010,"LATR_5_132","LATR","5","132",19,57
"1138",2010,"LATR_5_36","LATR","5","36",19,58
"1139",2010,"LATR_5_60","LATR","5","60",19,59
"1140",2010,"LATR_5_84","LATR","5","84",19,60
"1141",2011,"BOER_1_108","BOER","1","108",20,1
"1142",2011,"BOER_1_12","BOER","1","12",20,2
"1143",2011,"BOER_1_132","BOER","1","132",20,3
"1144",2011,"BOER_1_36","BOER","1","36",20,4
"1145",2011,"BOER_1_60","BOER","1","60",20,5
"1146",2011,"BOER_1_84","BOER","1","84",20,6
"1147",2011,"BOER_2_108","BOER","2","108",20,7
"1148",2011,"BOER_2_12","BOER","2","12",20,8
"1149",2011,"BOER_2_132","BOER","2","132",20,9
"1150",2011,"BOER_2_36","BOER","2","36",20,10
"1151",2011,"BOER_2_60","BOER","2","60",20,11
"1152",2011,"BOER_2_84","BOER","2","84",20,12
"1153",2011,"BOER_3_108","BOER","3","108",20,13
"1154",2011,"BOER_3_12","BOER","3","12",20,14
"1155",2011,"BOER_3_132","BOER","3","132",20,15
"1156",2011,"BOER_3_36","BOER","3","36",20,16
"1157",2011,"BOER_3_60","BOER","3","60",20,17
"1158",2011,"BOER_3_84","BOER","3","84",20,18
"1159",2011,"BOER_4_108","BOER","4","108",20,19
"1160",2011,"BOER_4_12","BOER","4","12",20,20
"1161",2011,"BOER_4_132","BOER","4","132",20,21
"1162",2011,"BOER_4_36","BOER","4","36",20,22
"1163",2011,"BOER_4_60","BOER","4","60",20,23
"1164",2011,"BOER_4_84","BOER","4","84",20,24
"1165",2011,"BOER_5_108","BOER","5","108",20,25
"1166",2011,"BOER_5_12","BOER","5","12",20,26
"1167",2011,"BOER_5_132","BOER","5","132",20,27
"1168",2011,"BOER_5_36","BOER","5","36",20,28
"1169",2011,"BOER_5_60","BOER","5","60",20,29
"1170",2011,"BOER_5_84","BOER","5","84",20,30
"1171",2011,"LATR_1_108","LATR","1","108",20,31
"1172",2011,"LATR_1_12","LATR","1","12",20,32
"1173",2011,"LATR_1_132","LATR","1","132",20,33
"1174",2011,"LATR_1_36","LATR","1","36",20,34
"1175",2011,"LATR_1_60","LATR","1","60",20,35
"1176",2011,"LATR_1_84","LATR","1","84",20,36
"1177",2011,"LATR_2_108","LATR","2","108",20,37
"1178",2011,"LATR_2_12","LATR","2","12",20,38
"1179",2011,"LATR_2_132","LATR","2","132",20,39
"1180",2011,"LATR_2_36","LATR","2","36",20,40
"1181",2011,"LATR_2_60","LATR","2","60",20,41
"1182",2011,"LATR_2_84","LATR","2","84",20,42
"1183",2011,"LATR_3_108","LATR","3","108",20,43
"1184",2011,"LATR_3_12","LATR","3","12",20,44
"1185",2011,"LATR_3_132","LATR","3","132",20,45
"1186",2011,"LATR_3_60","LATR","3","60",20,47
"1187",2011,"LATR_3_84","LATR","3","84",20,48
"1188",2011,"LATR_4_108","LATR","4","108",20,49
"1189",2011,"LATR_4_12","LATR","4","12",20,50
"1190",2011,"LATR_4_132","LATR","4","132",20,51
"1191",2011,"LATR_4_36","LATR","4","36",20,52
"1192",2011,"LATR_4_60","LATR","4","60",20,53
"1193",2011,"LATR_4_84","LATR","4","84",20,54
"1194",2011,"LATR_5_108","LATR","5","108",20,55
"1195",2011,"LATR_5_12","LATR","5","12",20,56
"1196",2011,"LATR_5_132","LATR","5","132",20,57
"1197",2011,"LATR_5_36","LATR","5","36",20,58
"1198",2011,"LATR_5_60","LATR","5","60",20,59
"1199",2011,"LATR_5_84","LATR","5","84",20,60
"1200",2011,"LATR_3_36","LATR","3","36",20,46
"1201",2012,"BOER_1_108","BOER","1","108",21,1
"1202",2012,"BOER_1_12","BOER","1","12",21,2
"1203",2012,"BOER_1_132","BOER","1","132",21,3
"1204",2012,"BOER_1_36","BOER","1","36",21,4
"1205",2012,"BOER_1_60","BOER","1","60",21,5
"1206",2012,"BOER_1_84","BOER","1","84",21,6
"1207",2012,"BOER_2_108","BOER","2","108",21,7
"1208",2012,"BOER_2_12","BOER","2","12",21,8
"1209",2012,"BOER_2_132","BOER","2","132",21,9
"1210",2012,"BOER_2_36","BOER","2","36",21,10
"1211",2012,"BOER_2_60","BOER","2","60",21,11
"1212",2012,"BOER_2_84","BOER","2","84",21,12
"1213",2012,"BOER_3_108","BOER","3","108",21,13
"1214",2012,"BOER_3_12","BOER","3","12",21,14
"1215",2012,"BOER_3_132","BOER","3","132",21,15
"1216",2012,"BOER_3_36","BOER","3","36",21,16
"1217",2012,"BOER_3_60","BOER","3","60",21,17
"1218",2012,"BOER_3_84","BOER","3","84",21,18
"1219",2012,"BOER_4_108","BOER","4","108",21,19
"1220",2012,"BOER_4_12","BOER","4","12",21,20
"1221",2012,"BOER_4_132","BOER","4","132",21,21
"1222",2012,"BOER_4_36","BOER","4","36",21,22
"1223",2012,"BOER_4_60","BOER","4","60",21,23
"1224",2012,"BOER_4_84","BOER","4","84",21,24
"1225",2012,"BOER_5_108","BOER","5","108",21,25
"1226",2012,"BOER_5_12","BOER","5","12",21,26
"1227",2012,"BOER_5_132","BOER","5","132",21,27
"1228",2012,"BOER_5_36","BOER","5","36",21,28
"1229",2012,"BOER_5_60","BOER","5","60",21,29
"1230",2012,"BOER_5_84","BOER","5","84",21,30
"1231",2012,"LATR_1_108","LATR","1","108",21,31
"1232",2012,"LATR_1_12","LATR","1","12",21,32
"1233",2012,"LATR_1_132","LATR","1","132",21,33
"1234",2012,"LATR_1_36","LATR","1","36",21,34
"1235",2012,"LATR_1_60","LATR","1","60",21,35
"1236",2012,"LATR_1_84","LATR","1","84",21,36
"1237",2012,"LATR_2_108","LATR","2","108",21,37
"1238",2012,"LATR_2_12","LATR","2","12",21,38
"1239",2012,"LATR_2_132","LATR","2","132",21,39
"1240",2012,"LATR_2_36","LATR","2","36",21,40
"1241",2012,"LATR_2_60","LATR","2","60",21,41
"1242",2012,"LATR_2_84","LATR","2","84",21,42
"1243",2012,"LATR_3_108","LATR","3","108",21,43
"1244",2012,"LATR_3_12","LATR","3","12",21,44
"1245",2012,"LATR_3_132","LATR","3","132",21,45
"1246",2012,"LATR_3_36","LATR","3","36",21,46
"1247",2012,"LATR_3_60","LATR","3","60",21,47
"1248",2012,"LATR_3_84","LATR","3","84",21,48
"1249",2012,"LATR_4_108","LATR","4","108",21,49
"1250",2012,"LATR_4_12","LATR","4","12",21,50
"1251",2012,"LATR_4_132","LATR","4","132",21,51
"1252",2012,"LATR_4_36","LATR","4","36",21,52
"1253",2012,"LATR_4_60","LATR","4","60",21,53
"1254",2012,"LATR_4_84","LATR","4","84",21,54
"1255",2012,"LATR_5_108","LATR","5","108",21,55
"1256",2012,"LATR_5_12","LATR","5","12",21,56
"1257",2012,"LATR_5_132","LATR","5","132",21,57
"1258",2012,"LATR_5_36","LATR","5","36",21,58
"1259",2012,"LATR_5_60","LATR","5","60",21,59
"1260",2012,"LATR_5_84","LATR","5","84",21,60
"1261",2013,"BOER_1_108","BOER","1","108",22,1
"1262",2013,"BOER_1_12","BOER","1","12",22,2
"1263",2013,"BOER_1_132","BOER","1","132",22,3
"1264",2013,"BOER_1_36","BOER","1","36",22,4
"1265",2013,"BOER_1_60","BOER","1","60",22,5
"1266",2013,"BOER_1_84","BOER","1","84",22,6
"1267",2013,"BOER_2_108","BOER","2","108",22,7
"1268",2013,"BOER_2_12","BOER","2","12",22,8
"1269",2013,"BOER_2_132","BOER","2","132",22,9
"1270",2013,"BOER_2_36","BOER","2","36",22,10
"1271",2013,"BOER_2_60","BOER","2","60",22,11
"1272",2013,"BOER_2_84","BOER","2","84",22,12
"1273",2013,"BOER_3_108","BOER","3","108",22,13
"1274",2013,"BOER_3_12","BOER","3","12",22,14
"1275",2013,"BOER_3_132","BOER","3","132",22,15
"1276",2013,"BOER_3_36","BOER","3","36",22,16
"1277",2013,"BOER_3_60","BOER","3","60",22,17
"1278",2013,"BOER_3_84","BOER","3","84",22,18
"1279",2013,"BOER_4_108","BOER","4","108",22,19
"1280",2013,"BOER_4_12","BOER","4","12",22,20
"1281",2013,"BOER_4_132","BOER","4","132",22,21
"1282",2013,"BOER_4_36","BOER","4","36",22,22
"1283",2013,"BOER_4_60","BOER","4","60",22,23
"1284",2013,"BOER_4_84","BOER","4","84",22,24
"1285",2013,"BOER_5_108","BOER","5","108",22,25
"1286",2013,"BOER_5_12","BOER","5","12",22,26
"1287",2013,"BOER_5_132","BOER","5","132",22,27
"1288",2013,"BOER_5_36","BOER","5","36",22,28
"1289",2013,"BOER_5_60","BOER","5","60",22,29
"1290",2013,"BOER_5_84","BOER","5","84",22,30
"1291",2013,"LATR_1_108","LATR","1","108",22,31
"1292",2013,"LATR_1_12","LATR","1","12",22,32
"1293",2013,"LATR_1_132","LATR","1","132",22,33
"1294",2013,"LATR_1_36","LATR","1","36",22,34
"1295",2013,"LATR_1_60","LATR","1","60",22,35
"1296",2013,"LATR_1_84","LATR","1","84",22,36
"1297",2013,"LATR_2_108","LATR","2","108",22,37
"1298",2013,"LATR_2_12","LATR","2","12",22,38
"1299",2013,"LATR_2_132","LATR","2","132",22,39
"1300",2013,"LATR_2_36","LATR","2","36",22,40
"1301",2013,"LATR_2_60","LATR","2","60",22,41
"1302",2013,"LATR_2_84","LATR","2","84",22,42
"1303",2013,"LATR_3_108","LATR","3","108",22,43
"1304",2013,"LATR_3_12","LATR","3","12",22,44
"1305",2013,"LATR_3_132","LATR","3","132",22,45
"1306",2013,"LATR_3_36","LATR","3","36",22,46
"1307",2013,"LATR_3_60","LATR","3","60",22,47
"1308",2013,"LATR_3_84","LATR","3","84",22,48
"1309",2013,"LATR_4_108","LATR","4","108",22,49
"1310",2013,"LATR_4_12","LATR","4","12",22,50
"1311",2013,"LATR_4_132","LATR","4","132",22,51
"1312",2013,"LATR_4_36","LATR","4","36",22,52
"1313",2013,"LATR_4_60","LATR","4","60",22,53
"1314",2013,"LATR_4_84","LATR","4","84",22,54
"1315",2013,"LATR_5_108","LATR","5","108",22,55
"1316",2013,"LATR_5_12","LATR","5","12",22,56
"1317",2013,"LATR_5_132","LATR","5","132",22,57
"1318",2013,"LATR_5_36","LATR","5","36",22,58
"1319",2013,"LATR_5_60","LATR","5","60",22,59
"1320",2013,"LATR_5_84","LATR","5","84",22,60
"1321",2014,"BOER_1_108","BOER","1","108",23,1
"1322",2014,"BOER_1_12","BOER","1","12",23,2
"1323",2014,"BOER_1_132","BOER","1","132",23,3
"1324",2014,"BOER_1_36","BOER","1","36",23,4
"1325",2014,"BOER_1_60","BOER","1","60",23,5
"1326",2014,"BOER_1_84","BOER","1","84",23,6
"1327",2014,"BOER_2_108","BOER","2","108",23,7
"1328",2014,"BOER_2_12","BOER","2","12",23,8
"1329",2014,"BOER_2_132","BOER","2","132",23,9
"1330",2014,"BOER_2_36","BOER","2","36",23,10
"1331",2014,"BOER_2_60","BOER","2","60",23,11
"1332",2014,"BOER_2_84","BOER","2","84",23,12
"1333",2014,"BOER_3_108","BOER","3","108",23,13
"1334",2014,"BOER_3_12","BOER","3","12",23,14
"1335",2014,"BOER_3_132","BOER","3","132",23,15
"1336",2014,"BOER_3_36","BOER","3","36",23,16
"1337",2014,"BOER_3_60","BOER","3","60",23,17
"1338",2014,"BOER_3_84","BOER","3","84",23,18
"1339",2014,"BOER_4_108","BOER","4","108",23,19
"1340",2014,"BOER_4_12","BOER","4","12",23,20
"1341",2014,"BOER_4_132","BOER","4","132",23,21
"1342",2014,"BOER_4_36","BOER","4","36",23,22
"1343",2014,"BOER_4_60","BOER","4","60",23,23
"1344",2014,"BOER_4_84","BOER","4","84",23,24
"1345",2014,"BOER_5_108","BOER","5","108",23,25
"1346",2014,"BOER_5_12","BOER","5","12",23,26
"1347",2014,"BOER_5_132","BOER","5","132",23,27
"1348",2014,"BOER_5_36","BOER","5","36",23,28
"1349",2014,"BOER_5_60","BOER","5","60",23,29
"1350",2014,"BOER_5_84","BOER","5","84",23,30
"1351",2014,"LATR_1_108","LATR","1","108",23,31
"1352",2014,"LATR_1_12","LATR","1","12",23,32
"1353",2014,"LATR_1_132","LATR","1","132",23,33
"1354",2014,"LATR_1_36","LATR","1","36",23,34
"1355",2014,"LATR_1_60","LATR","1","60",23,35
"1356",2014,"LATR_1_84","LATR","1","84",23,36
"1357",2014,"LATR_2_108","LATR","2","108",23,37
"1358",2014,"LATR_2_12","LATR","2","12",23,38
"1359",2014,"LATR_2_132","LATR","2","132",23,39
"1360",2014,"LATR_2_36","LATR","2","36",23,40
"1361",2014,"LATR_2_60","LATR","2","60",23,41
"1362",2014,"LATR_2_84","LATR","2","84",23,42
"1363",2014,"LATR_3_108","LATR","3","108",23,43
"1364",2014,"LATR_3_12","LATR","3","12",23,44
"1365",2014,"LATR_3_132","LATR","3","132",23,45
"1366",2014,"LATR_3_36","LATR","3","36",23,46
"1367",2014,"LATR_3_60","LATR","3","60",23,47
"1368",2014,"LATR_3_84","LATR","3","84",23,48
"1369",2014,"LATR_4_108","LATR","4","108",23,49
"1370",2014,"LATR_4_12","LATR","4","12",23,50
"1371",2014,"LATR_4_132","LATR","4","132",23,51
"1372",2014,"LATR_4_36","LATR","4","36",23,52
"1373",2014,"LATR_4_60","LATR","4","60",23,53
"1374",2014,"LATR_4_84","LATR","4","84",23,54
"1375",2014,"LATR_5_108","LATR","5","108",23,55
"1376",2014,"LATR_5_12","LATR","5","12",23,56
"1377",2014,"LATR_5_132","LATR","5","132",23,57
"1378",2014,"LATR_5_36","LATR","5","36",23,58
"1379",2014,"LATR_5_60","LATR","5","60",23,59
"1380",2014,"LATR_5_84","LATR","5","84",23,60
"1381",2015,"BOER_1_108","BOER","1","108",24,1
"1382",2015,"BOER_1_12","BOER","1","12",24,2
"1383",2015,"BOER_1_132","BOER","1","132",24,3
"1384",2015,"BOER_1_36","BOER","1","36",24,4
"1385",2015,"BOER_1_60","BOER","1","60",24,5
"1386",2015,"BOER_1_84","BOER","1","84",24,6
"1387",2015,"BOER_2_108","BOER","2","108",24,7
"1388",2015,"BOER_2_12","BOER","2","12",24,8
"1389",2015,"BOER_2_132","BOER","2","132",24,9
"1390",2015,"BOER_2_36","BOER","2","36",24,10
"1391",2015,"BOER_2_60","BOER","2","60",24,11
"1392",2015,"BOER_2_84","BOER","2","84",24,12
"1393",2015,"BOER_3_108","BOER","3","108",24,13
"1394",2015,"BOER_3_12","BOER","3","12",24,14
"1395",2015,"BOER_3_132","BOER","3","132",24,15
"1396",2015,"BOER_3_36","BOER","3","36",24,16
"1397",2015,"BOER_3_60","BOER","3","60",24,17
"1398",2015,"BOER_3_84","BOER","3","84",24,18
"1399",2015,"BOER_4_108","BOER","4","108",24,19
"1400",2015,"BOER_4_12","BOER","4","12",24,20
"1401",2015,"BOER_4_132","BOER","4","132",24,21
"1402",2015,"BOER_4_36","BOER","4","36",24,22
"1403",2015,"BOER_4_60","BOER","4","60",24,23
"1404",2015,"BOER_4_84","BOER","4","84",24,24
"1405",2015,"BOER_5_108","BOER","5","108",24,25
"1406",2015,"BOER_5_12","BOER","5","12",24,26
"1407",2015,"BOER_5_132","BOER","5","132",24,27
"1408",2015,"BOER_5_36","BOER","5","36",24,28
"1409",2015,"BOER_5_60","BOER","5","60",24,29
"1410",2015,"BOER_5_84","BOER","5","84",24,30
"1411",2015,"LATR_1_108","LATR","1","108",24,31
"1412",2015,"LATR_1_12","LATR","1","12",24,32
"1413",2015,"LATR_1_132","LATR","1","132",24,33
"1414",2015,"LATR_1_36","LATR","1","36",24,34
"1415",2015,"LATR_1_60","LATR","1","60",24,35
"1416",2015,"LATR_1_84","LATR","1","84",24,36
"1417",2015,"LATR_2_108","LATR","2","108",24,37
"1418",2015,"LATR_2_12","LATR","2","12",24,38
"1419",2015,"LATR_2_132","LATR","2","132",24,39
"1420",2015,"LATR_2_36","LATR","2","36",24,40
"1421",2015,"LATR_2_60","LATR","2","60",24,41
"1422",2015,"LATR_2_84","LATR","2","84",24,42
"1423",2015,"LATR_3_108","LATR","3","108",24,43
"1424",2015,"LATR_3_12","LATR","3","12",24,44
"1425",2015,"LATR_3_132","LATR","3","132",24,45
"1426",2015,"LATR_3_36","LATR","3","36",24,46
"1427",2015,"LATR_3_60","LATR","3","60",24,47
"1428",2015,"LATR_3_84","LATR","3","84",24,48
"1429",2015,"LATR_4_108","LATR","4","108",24,49
"1430",2015,"LATR_4_12","LATR","4","12",24,50
"1431",2015,"LATR_4_132","LATR","4","132",24,51
"1432",2015,"LATR_4_36","LATR","4","36",24,52
"1433",2015,"LATR_4_60","LATR","4","60",24,53
"1434",2015,"LATR_4_84","LATR","4","84",24,54
"1435",2015,"LATR_5_108","LATR","5","108",24,55
"1436",2015,"LATR_5_12","LATR","5","12",24,56
"1437",2015,"LATR_5_132","LATR","5","132",24,57
"1438",2015,"LATR_5_36","LATR","5","36",24,58
"1439",2015,"LATR_5_60","LATR","5","60",24,59
"1440",2015,"LATR_5_84","LATR","5","84",24,60
"1441",2016,"BOER_1_108","BOER","1","108",25,1
"1442",2016,"BOER_1_12","BOER","1","12",25,2
"1443",2016,"BOER_1_132","BOER","1","132",25,3
"1444",2016,"BOER_1_36","BOER","1","36",25,4
"1445",2016,"BOER_1_60","BOER","1","60",25,5
"1446",2016,"BOER_1_84","BOER","1","84",25,6
"1447",2016,"BOER_2_108","BOER","2","108",25,7
"1448",2016,"BOER_2_12","BOER","2","12",25,8
"1449",2016,"BOER_2_132","BOER","2","132",25,9
"1450",2016,"BOER_2_36","BOER","2","36",25,10
"1451",2016,"BOER_2_60","BOER","2","60",25,11
"1452",2016,"BOER_2_84","BOER","2","84",25,12
"1453",2016,"BOER_3_108","BOER","3","108",25,13
"1454",2016,"BOER_3_12","BOER","3","12",25,14
"1455",2016,"BOER_3_132","BOER","3","132",25,15
"1456",2016,"BOER_3_36","BOER","3","36",25,16
"1457",2016,"BOER_3_60","BOER","3","60",25,17
"1458",2016,"BOER_3_84","BOER","3","84",25,18
"1459",2016,"BOER_4_108","BOER","4","108",25,19
"1460",2016,"BOER_4_12","BOER","4","12",25,20
"1461",2016,"BOER_4_132","BOER","4","132",25,21
"1462",2016,"BOER_4_36","BOER","4","36",25,22
"1463",2016,"BOER_4_60","BOER","4","60",25,23
"1464",2016,"BOER_4_84","BOER","4","84",25,24
"1465",2016,"BOER_5_108","BOER","5","108",25,25
"1466",2016,"BOER_5_12","BOER","5","12",25,26
"1467",2016,"BOER_5_132","BOER","5","132",25,27
"1468",2016,"BOER_5_36","BOER","5","36",25,28
"1469",2016,"BOER_5_60","BOER","5","60",25,29
"1470",2016,"BOER_5_84","BOER","5","84",25,30
"1471",2016,"LATR_1_108","LATR","1","108",25,31
"1472",2016,"LATR_1_12","LATR","1","12",25,32
"1473",2016,"LATR_1_132","LATR","1","132",25,33
"1474",2016,"LATR_1_36","LATR","1","36",25,34
"1475",2016,"LATR_1_60","LATR","1","60",25,35
"1476",2016,"LATR_1_84","LATR","1","84",25,36
"1477",2016,"LATR_2_108","LATR","2","108",25,37
"1478",2016,"LATR_2_12","LATR","2","12",25,38
"1479",2016,"LATR_2_132","LATR","2","132",25,39
"1480",2016,"LATR_2_36","LATR","2","36",25,40
"1481",2016,"LATR_2_60","LATR","2","60",25,41
"1482",2016,"LATR_2_84","LATR","2","84",25,42
"1483",2016,"LATR_3_108","LATR","3","108",25,43
"1484",2016,"LATR_3_12","LATR","3","12",25,44
"1485",2016,"LATR_3_132","LATR","3","132",25,45
"1486",2016,"LATR_3_36","LATR","3","36",25,46
"1487",2016,"LATR_3_60","LATR","3","60",25,47
"1488",2016,"LATR_3_84","LATR","3","84",25,48
"1489",2016,"LATR_4_108","LATR","4","108",25,49
"1490",2016,"LATR_4_12","LATR","4","12",25,50
"1491",2016,"LATR_4_132","LATR","4","132",25,51
"1492",2016,"LATR_4_36","LATR","4","36",25,52
"1493",2016,"LATR_4_60","LATR","4","60",25,53
"1494",2016,"LATR_4_84","LATR","4","84",25,54
"1495",2016,"LATR_5_108","LATR","5","108",25,55
"1496",2016,"LATR_5_12","LATR","5","12",25,56
"1497",2016,"LATR_5_132","LATR","5","132",25,57
"1498",2016,"LATR_5_36","LATR","5","36",25,58
"1499",2016,"LATR_5_60","LATR","5","60",25,59
"1500",2016,"LATR_5_84","LATR","5","84",25,60
"1501",2017,"BOER_1_108","BOER","1","108",26,1
"1502",2017,"BOER_1_12","BOER","1","12",26,2
"1503",2017,"BOER_1_132","BOER","1","132",26,3
"1504",2017,"BOER_1_36","BOER","1","36",26,4
"1505",2017,"BOER_1_60","BOER","1","60",26,5
"1506",2017,"BOER_1_84","BOER","1","84",26,6
"1507",2017,"BOER_2_108","BOER","2","108",26,7
"1508",2017,"BOER_2_12","BOER","2","12",26,8
"1509",2017,"BOER_2_132","BOER","2","132",26,9
"1510",2017,"BOER_2_36","BOER","2","36",26,10
"1511",2017,"BOER_2_60","BOER","2","60",26,11
"1512",2017,"BOER_2_84","BOER","2","84",26,12
"1513",2017,"BOER_3_108","BOER","3","108",26,13
"1514",2017,"BOER_3_12","BOER","3","12",26,14
"1515",2017,"BOER_3_132","BOER","3","132",26,15
"1516",2017,"BOER_3_36","BOER","3","36",26,16
"1517",2017,"BOER_3_60","BOER","3","60",26,17
"1518",2017,"BOER_3_84","BOER","3","84",26,18
"1519",2017,"BOER_4_108","BOER","4","108",26,19
"1520",2017,"BOER_4_12","BOER","4","12",26,20
"1521",2017,"BOER_4_132","BOER","4","132",26,21
"1522",2017,"BOER_4_36","BOER","4","36",26,22
"1523",2017,"BOER_4_60","BOER","4","60",26,23
"1524",2017,"BOER_4_84","BOER","4","84",26,24
"1525",2017,"BOER_5_108","BOER","5","108",26,25
"1526",2017,"BOER_5_12","BOER","5","12",26,26
"1527",2017,"BOER_5_132","BOER","5","132",26,27
"1528",2017,"BOER_5_36","BOER","5","36",26,28
"1529",2017,"BOER_5_60","BOER","5","60",26,29
"1530",2017,"BOER_5_84","BOER","5","84",26,30
"1531",2017,"LATR_1_108","LATR","1","108",26,31
"1532",2017,"LATR_1_12","LATR","1","12",26,32
"1533",2017,"LATR_1_132","LATR","1","132",26,33
"1534",2017,"LATR_1_36","LATR","1","36",26,34
"1535",2017,"LATR_1_60","LATR","1","60",26,35
"1536",2017,"LATR_1_84","LATR","1","84",26,36
"1537",2017,"LATR_2_108","LATR","2","108",26,37
"1538",2017,"LATR_2_12","LATR","2","12",26,38
"1539",2017,"LATR_2_132","LATR","2","132",26,39
"1540",2017,"LATR_2_36","LATR","2","36",26,40
"1541",2017,"LATR_2_60","LATR","2","60",26,41
"1542",2017,"LATR_2_84","LATR","2","84",26,42
"1543",2017,"LATR_3_108","LATR","3","108",26,43
"1544",2017,"LATR_3_12","LATR","3","12",26,44
"1545",2017,"LATR_3_132","LATR","3","132",26,45
"1546",2017,"LATR_3_36","LATR","3","36",26,46
"1547",2017,"LATR_3_60","LATR","3","60",26,47
"1548",2017,"LATR_3_84","LATR","3","84",26,48
"1549",2017,"LATR_4_108","LATR","4","108",26,49
"1550",2017,"LATR_4_12","LATR","4","12",26,50
"1551",2017,"LATR_4_132","LATR","4","132",26,51
"1552",2017,"LATR_4_36","LATR","4","36",26,52
"1553",2017,"LATR_4_60","LATR","4","60",26,53
"1554",2017,"LATR_4_84","LATR","4","84",26,54
"1555",2017,"LATR_5_108","LATR","5","108",26,55
"1556",2017,"LATR_5_12","LATR","5","12",26,56
"1557",2017,"LATR_5_132","LATR","5","132",26,57
"1558",2017,"LATR_5_36","LATR","5","36",26,58
"1559",2017,"LATR_5_60","LATR","5","60",26,59
"1560",2017,"LATR_5_84","LATR","5","84",26,60
"1561",2018,"BOER_1_108","BOER","1","108",27,1
"1562",2018,"BOER_1_12","BOER","1","12",27,2
"1563",2018,"BOER_1_132","BOER","1","132",27,3
"1564",2018,"BOER_1_36","BOER","1","36",27,4
"1565",2018,"BOER_1_60","BOER","1","60",27,5
"1566",2018,"BOER_1_84","BOER","1","84",27,6
"1567",2018,"BOER_2_108","BOER","2","108",27,7
"1568",2018,"BOER_2_12","BOER","2","12",27,8
"1569",2018,"BOER_2_132","BOER","2","132",27,9
"1570",2018,"BOER_2_36","BOER","2","36",27,10
"1571",2018,"BOER_2_60","BOER","2","60",27,11
"1572",2018,"BOER_2_84","BOER","2","84",27,12
"1573",2018,"BOER_3_108","BOER","3","108",27,13
"1574",2018,"BOER_3_12","BOER","3","12",27,14
"1575",2018,"BOER_3_132","BOER","3","132",27,15
"1576",2018,"BOER_3_36","BOER","3","36",27,16
"1577",2018,"BOER_3_60","BOER","3","60",27,17
"1578",2018,"BOER_3_84","BOER","3","84",27,18
"1579",2018,"BOER_4_108","BOER","4","108",27,19
"1580",2018,"BOER_4_12","BOER","4","12",27,20
"1581",2018,"BOER_4_132","BOER","4","132",27,21
"1582",2018,"BOER_4_36","BOER","4","36",27,22
"1583",2018,"BOER_4_60","BOER","4","60",27,23
"1584",2018,"BOER_4_84","BOER","4","84",27,24
"1585",2018,"BOER_5_108","BOER","5","108",27,25
"1586",2018,"BOER_5_12","BOER","5","12",27,26
"1587",2018,"BOER_5_132","BOER","5","132",27,27
"1588",2018,"BOER_5_36","BOER","5","36",27,28
"1589",2018,"BOER_5_60","BOER","5","60",27,29
"1590",2018,"BOER_5_84","BOER","5","84",27,30
"1591",2018,"LATR_1_108","LATR","1","108",27,31
"1592",2018,"LATR_1_12","LATR","1","12",27,32
"1593",2018,"LATR_1_132","LATR","1","132",27,33
"1594",2018,"LATR_1_36","LATR","1","36",27,34
"1595",2018,"LATR_1_60","LATR","1","60",27,35
"1596",2018,"LATR_1_84","LATR","1","84",27,36
"1597",2018,"LATR_2_108","LATR","2","108",27,37
"1598",2018,"LATR_2_12","LATR","2","12",27,38
"1599",2018,"LATR_2_132","LATR","2","132",27,39
"1600",2018,"LATR_2_36","LATR","2","36",27,40
"1601",2018,"LATR_2_60","LATR","2","60",27,41
"1602",2018,"LATR_2_84","LATR","2","84",27,42
"1603",2018,"LATR_3_108","LATR","3","108",27,43
"1604",2018,"LATR_3_12","LATR","3","12",27,44
"1605",2018,"LATR_3_132","LATR","3","132",27,45
"1606",2018,"LATR_3_36","LATR","3","36",27,46
"1607",2018,"LATR_3_60","LATR","3","60",27,47
"1608",2018,"LATR_3_84","LATR","3","84",27,48
"1609",2018,"LATR_4_108","LATR","4","108",27,49
"1610",2018,"LATR_4_12","LATR","4","12",27,50
"1611",2018,"LATR_4_132","LATR","4","132",27,51
"1612",2018,"LATR_4_36","LATR","4","36",27,52
"1613",2018,"LATR_4_60","LATR","4","60",27,53
"1614",2018,"LATR_4_84","LATR","4","84",27,54
"1615",2018,"LATR_5_108","LATR","5","108",27,55
"1616",2018,"LATR_5_12","LATR","5","12",27,56
"1617",2018,"LATR_5_132","LATR","5","132",27,57
"1618",2018,"LATR_5_36","LATR","5","36",27,58
"1619",2018,"LATR_5_60","LATR","5","60",27,59
"1620",2018,"LATR_5_84","LATR","5","84",27,60
"1621",2019,"BOER_1_108","BOER","1","108",28,1
"1622",2019,"BOER_1_12","BOER","1","12",28,2
"1623",2019,"BOER_1_132","BOER","1","132",28,3
"1624",2019,"BOER_1_36","BOER","1","36",28,4
"1625",2019,"BOER_1_60","BOER","1","60",28,5
"1626",2019,"BOER_1_84","BOER","1","84",28,6
"1627",2019,"BOER_2_108","BOER","2","108",28,7
"1628",2019,"BOER_2_12","BOER","2","12",28,8
"1629",2019,"BOER_2_132","BOER","2","132",28,9
"1630",2019,"BOER_2_36","BOER","2","36",28,10
"1631",2019,"BOER_2_60","BOER","2","60",28,11
"1632",2019,"BOER_2_84","BOER","2","84",28,12
"1633",2019,"BOER_3_108","BOER","3","108",28,13
"1634",2019,"BOER_3_12","BOER","3","12",28,14
"1635",2019,"BOER_3_132","BOER","3","132",28,15
"1636",2019,"BOER_3_36","BOER","3","36",28,16
"1637",2019,"BOER_3_60","BOER","3","60",28,17
"1638",2019,"BOER_3_84","BOER","3","84",28,18
"1639",2019,"BOER_4_108","BOER","4","108",28,19
"1640",2019,"BOER_4_12","BOER","4","12",28,20
"1641",2019,"BOER_4_132","BOER","4","132",28,21
"1642",2019,"BOER_4_36","BOER","4","36",28,22
"1643",2019,"BOER_4_60","BOER","4","60",28,23
"1644",2019,"BOER_4_84","BOER","4","84",28,24
"1645",2019,"BOER_5_108","BOER","5","108",28,25
"1646",2019,"BOER_5_12","BOER","5","12",28,26
"1647",2019,"BOER_5_132","BOER","5","132",28,27
"1648",2019,"BOER_5_36","BOER","5","36",28,28
"1649",2019,"BOER_5_60","BOER","5","60",28,29
"1650",2019,"BOER_5_84","BOER","5","84",28,30
"1651",2019,"LATR_1_108","LATR","1","108",28,31
"1652",2019,"LATR_1_12","LATR","1","12",28,32
"1653",2019,"LATR_1_132","LATR","1","132",28,33
"1654",2019,"LATR_1_36","LATR","1","36",28,34
"1655",2019,"LATR_1_60","LATR","1","60",28,35
"1656",2019,"LATR_1_84","LATR","1","84",28,36
"1657",2019,"LATR_2_108","LATR","2","108",28,37
"1658",2019,"LATR_2_12","LATR","2","12",28,38
"1659",2019,"LATR_2_132","LATR","2","132",28,39
"1660",2019,"LATR_2_36","LATR","2","36",28,40
"1661",2019,"LATR_2_60","LATR","2","60",28,41
"1662",2019,"LATR_2_84","LATR","2","84",28,42
"1663",2019,"LATR_3_108","LATR","3","108",28,43
"1664",2019,"LATR_3_12","LATR","3","12",28,44
"1665",2019,"LATR_3_132","LATR","3","132",28,45
"1666",2019,"LATR_3_36","LATR","3","36",28,46
"1667",2019,"LATR_3_60","LATR","3","60",28,47
"1668",2019,"LATR_3_84","LATR","3","84",28,48
"1669",2019,"LATR_4_108","LATR","4","108",28,49
"1670",2019,"LATR_4_12","LATR","4","12",28,50
"1671",2019,"LATR_4_132","LATR","4","132",28,51
"1672",2019,"LATR_4_36","LATR","4","36",28,52
"1673",2019,"LATR_4_60","LATR","4","60",28,53
"1674",2019,"LATR_4_84","LATR","4","84",28,54
"1675",2019,"LATR_5_108","LATR","5","108",28,55
"1676",2019,"LATR_5_12","LATR","5","12",28,56
"1677",2019,"LATR_5_132","LATR","5","132",28,57
"1678",2019,"LATR_5_36","LATR","5","36",28,58
"1679",2019,"LATR_5_60","LATR","5","60",28,59
"1680",2019,"LATR_5_84","LATR","5","84",28,60
